ticker,etp_category,is_primary,source
AAPW US,CC,1,manual
AAPY US,CC,1,manual
ABNY US,CC,1,manual
ACIO US,CC,1,manual
ACKY US,CC,1,manual
AIPI US,CC,1,manual
AIYY US,CC,1,manual
AMDU US,CC,1,manual
AMDW US,CC,1,manual
AMDY US,CC,1,manual
AMYY US,CC,1,manual
AMZP US,CC,1,manual
AMZW US,CC,1,manual
AMZY US,CC,1,manual
APLY US,CC,1,manual
ARMW US,CC,1,manual
AVGW US,CC,1,manual
AZYY US,CC,1,manual
BABO US,CC,1,manual
BABW US,CC,1,manual
BAGY US,CC,1,manual
BALI US,CC,1,manual
BALQ US,CC,1,manual
BBYY US,CC,1,manual
BCCC US,CC,1,manual
BIGY US,CC,1,manual
BITK US,CC,1,manual
BITY US,CC,1,manual
BLOX US,CC,1,manual
BNDY US,CC,1,manual
BPI US,CC,1,manual
BRKC US,CC,1,manual
BRKW US,CC,1,manual
BTCC US,CC,1,manual
BTCI US,CC,1,manual
BUCK US,CC,1,manual
BUYW US,CC,1,manual
BWVTF US,CC,1,manual
CANQ US,CC,1,manual
CEPI US,CC,1,manual
CHPY US,CC,1,manual
COII US,CC,1,manual
COIW US,CC,1,manual
CONY US,CC,1,manual
COSW US,CC,1,manual
COYY US,CC,1,manual
CRCO US,CC,1,manual
CRSH US,CC,1,manual
CSHI US,CC,1,manual
CVNY US,CC,1,manual
CVRD US,CC,1,manual
CWII US,CC,1,manual
DFII US,CC,1,manual
DIPS US,CC,1,manual
DISO US,CC,1,manual
DIVO US,CC,1,manual
DJIA US,CC,1,manual
DOGG US,CC,1,manual
DRAY US,CC,1,manual
DYLG US,CC,1,manual
EDGE US,CC,1,manual
EGGS US,CC,1,manual
EGGY US,CC,1,manual
EHY US,CC,1,manual
ETCO US,CC,1,manual
ETHI US,CC,1,manual
ETTY US,CC,1,manual
FBY US,CC,1,manual
FBYY US,CC,1,manual
FDND US,CC,1,manual
FEAT US,CC,1,manual
FEPI US,CC,1,manual
FGSI US,CC,1,manual
FIAT US,CC,1,manual
FIVY US,CC,1,manual
FTHI US,CC,1,manual
FTKI US,CC,1,manual
FTQI US,CC,1,manual
GDXW US,CC,1,manual
GDXY US,CC,1,manual
GIF US,CC,1,manual
GLDI US,CC,1,manual
GLDW US,CC,1,manual
GLDY US,CC,1,manual
GMEY US,CC,1,manual
GOOP US,CC,1,manual
GOOW US,CC,1,manual
GOOY US,CC,1,manual
GPIQ US,CC,1,manual
GPIX US,CC,1,manual
GPTY US,CC,1,manual
GTR US,CC,1,manual
HBTA US,CC,1,manual
HCOW US,CC,1,manual
HEDG US,CC,1,manual
HEMI US,CC,1,manual
HEQT US,CC,1,manual
HIMY US,CC,1,manual
HIYY US,CC,1,manual
HMYY US,CC,1,manual
HOII US,CC,1,manual
HOOI US,CC,1,manual
HOOW US,CC,1,manual
HOOY US,CC,1,manual
HOYY US,CC,1,manual
HYBI US,CC,1,manual
HYGW US,CC,1,manual
HYTI US,CC,1,manual
ICOI US,CC,1,manual
ICRC US,CC,1,manual
IDVO US,CC,1,manual
IETH US,CC,1,manual
IGLD US,CC,1,manual
IGME US,CC,1,manual
IMRA US,CC,1,manual
IMST US,CC,1,manual
IOYY US,CC,1,manual
IQQQ US,CC,1,manual
ISPY US,CC,1,manual
ITWO US,CC,1,manual
IVVW US,CC,1,manual
IWMI US,CC,1,manual
IWMW US,CC,1,manual
IWMY US,CC,1,manual
IYRI US,CC,1,manual
JEPI US,CC,1,manual
JEPQ US,CC,1,manual
JPMO US,CC,1,manual
KGLD US,CC,1,manual
KLIP US,CC,1,manual
KNG US,CC,1,manual
KQQQ US,CC,1,manual
LFGY US,CC,1,manual
LLII US,CC,1,manual
LQDW US,CC,1,manual
LQTI US,CC,1,manual
LTTI US,CC,1,manual
MAAY US,CC,1,manual
MAGY US,CC,1,manual
MARO US,CC,1,manual
METW US,CC,1,manual
MLPD US,CC,1,manual
MLPI US,CC,1,manual
MRNY US,CC,1,manual
MSFO US,CC,1,manual
MSFW US,CC,1,manual
MSFY US,CC,1,manual
MSII US,CC,1,manual
MST US,CC,1,manual
MSTK US,CC,1,manual
MSTW US,CC,1,manual
MSTY US,CC,1,manual
MTYY US,CC,1,manual
NBOS US,CC,1,manual
NFLP US,CC,1,manual
NFLW US,CC,1,manual
NFLY US,CC,1,manual
NIHI US,CC,1,manual
NMB US,CC,1,manual
NUGY US,CC,1,manual
NVDW US,CC,1,manual
NVDY US,CC,1,manual
NVII US,CC,1,manual
NVYY US,CC,1,manual
OARK US,CC,1,manual
PAPI US,CC,1,manual
PBP US,CC,1,manual
PLT US,CC,1,manual
PLTI US,CC,1,manual
PLTW US,CC,1,manual
PLTY US,CC,1,manual
PLYY US,CC,1,manual
PVEX US,CC,1,manual
PYPY US,CC,1,manual
QBUL US,CC,1,manual
QBY US,CC,1,manual
QCLR US,CC,1,manual
QDTE US,CC,1,manual
QDTY US,CC,1,manual
QDVO US,CC,1,manual
QLDY US,CC,1,manual
QQQI US,CC,1,manual
QQQT US,CC,1,manual
QQQY US,CC,1,manual
QRMI US,CC,1,manual
QUP US,CC,1,manual
QYLD US,CC,1,manual
QYLG US,CC,1,manual
RBLY US,CC,1,manual
RDTE US,CC,1,manual
RDTY US,CC,1,manual
RDVI US,CC,1,manual
RDYY US,CC,1,manual
RGYY US,CC,1,manual
RNTY US,CC,1,manual
RTYY US,CC,1,manual
RYLD US,CC,1,manual
RYLG US,CC,1,manual
SCEP US,CC,1,manual
SCLZ US,CC,1,manual
SDTY US,CC,1,manual
SDVD US,CC,1,manual
SEMY US,CC,1,manual
SEPI US,CC,1,manual
SIXH US,CC,1,manual
SLJY US,CC,1,manual
SLTY US,CC,1,manual
SLVO US,CC,1,manual
SMCC US,CC,1,manual
SMCY US,CC,1,manual
SMYY US,CC,1,manual
SNOY US,CC,1,manual
SOLM US,CC,1,manual
SOXY US,CC,1,manual
SPIN US,CC,1,manual
SPUT US,CC,1,manual
SPYH US,CC,1,manual
SPYI US,CC,1,manual
SPYT US,CC,1,manual
SRHR US,CC,1,manual
TCAL US,CC,1,manual
TDAQ US,CC,1,manual
TDVI US,CC,1,manual
TESL US,CC,1,manual
TLTP US,CC,1,manual
TLTW US,CC,1,manual
TLTX US,CC,1,manual
TQQY US,CC,1,manual
TSII US,CC,1,manual
TSLP US,CC,1,manual
TSLW US,CC,1,manual
TSLY US,CC,1,manual
TSMY US,CC,1,manual
TSPY US,CC,1,manual
TSYW US,CC,1,manual
TSYY US,CC,1,manual
TYA US,CC,1,manual
TYLG US,CC,1,manual
UBEW US,CC,1,manual
ULTI US,CC,1,manual
ULTY US,CC,1,manual
UNHW US,CC,1,manual
USG US,CC,1,manual
USOI US,CC,1,manual
USOY US,CC,1,manual
VEGA US,CC,1,manual
WDTE US,CC,1,manual
WEEL US,CC,1,manual
WMTI US,CC,1,manual
WNTR US,CC,1,manual
WPAY US,CC,1,manual
WTPI US,CC,1,manual
XBTY US,CC,1,manual
XCLR US,CC,1,manual
XDTE US,CC,1,manual
XLBI US,CC,1,manual
XLCI US,CC,1,manual
XLEI US,CC,1,manual
XLFI US,CC,1,manual
XLII US,CC,1,manual
XLKI US,CC,1,manual
XLRI US,CC,1,manual
XLSI US,CC,1,manual
XLUI US,CC,1,manual
XLVI US,CC,1,manual
XLYI US,CC,1,manual
XOMO US,CC,1,manual
XRPM US,CC,1,manual
XYLD US,CC,1,manual
XYLG US,CC,1,manual
XYZY US,CC,1,manual
YBIT US,CC,1,manual
YBMN US,CC,1,manual
YBST US,CC,1,manual
YBTC US,CC,1,manual
YBTY US,CC,1,manual
YETH US,CC,1,manual
YGLD US,CC,1,manual
YMAG US,CC,1,manual
YMAX US,CC,1,manual
YQQQ US,CC,1,manual
YSPY US,CC,1,manual
ACEI US,CC,1,manual
ACII US,CC,1,manual
CAIE US,CC,1,manual
CAIQ US,CC,1,manual
PAYH US,CC,1,manual
PAYM US,CC,1,manual
HAKY US,CC,1,manual
NDIV US,CC,1,manual
AETH US,Crypto,1,manual
ARKB US,Crypto,1,manual
BBB US,Crypto,1,manual
BCHG US,Crypto,1,manual
BETE US,Crypto,1,manual
BETH US,Crypto,1,manual
BITB US,Crypto,1,manual
BITC US,Crypto,1,manual
BITO US,Crypto,1,manual
BITQ US,Crypto,1,manual
BITS US,Crypto,1,manual
BITW US,Crypto,1,manual
BRRR US,Crypto,1,manual
BSOL US,Crypto,1,manual
BTC US,Crypto,1,manual
BTCFX US,Crypto,1,manual
BTCO US,Crypto,1,manual
BTCW US,Crypto,1,manual
BTF US,Crypto,1,manual
BTOP US,Crypto,1,manual
BTRN US,Crypto,1,manual
BWOW US,Crypto,1,manual
CRPT US,Crypto,1,manual
DECO US,Crypto,1,manual
DEFG US,Crypto,1,manual
DEFI US,Crypto,1,manual
DIME US,Crypto,1,manual
DOJE US,Crypto,1,manual
EETH US,Crypto,1,manual
ESK US,Crypto,1,manual
ETCG US,Crypto,1,manual
ETH US,Crypto,1,manual
ETHA US,Crypto,1,manual
ETHE US,Crypto,1,manual
ETHV US,Crypto,1,manual
ETHW US,Crypto,1,manual
EZBC US,Crypto,1,manual
EZET US,Crypto,1,manual
EZPZ US,Crypto,1,manual
FBTC US,Crypto,1,manual
FDIG US,Crypto,1,manual
FETH US,Crypto,1,manual
FILG US,Crypto,1,manual
FMKT US,Crypto,1,manual
FSOL US,Crypto,1,manual
GBAT US,Crypto,1,manual
GBTC US,Crypto,1,manual
GDLC US,Crypto,1,manual
GDOG US,Crypto,1,manual
GLIV US,Crypto,1,manual
GLNK US,Crypto,1,manual
GSNR US,Crypto,1,manual
GSOL US,Crypto,1,manual
GXRP US,Crypto,1,manual
HBR US,Crypto,1,manual
HBTC US,Crypto,1,manual
HECO US,Crypto,1,manual
HODL US,Crypto,1,manual
IBIT US,Crypto,1,manual
LTCC US,Crypto,1,manual
LTCN US,Crypto,1,manual
MANA US,Crypto,1,manual
MAXI US,Crypto,1,manual
MNRS US,Crypto,1,manual
NCIQ US,Crypto,1,manual
NODE US,Crypto,1,manual
OBTC US,Crypto,1,manual
OOQB US,Crypto,1,manual
OOSB US,Crypto,1,manual
QETH US,Crypto,1,manual
QSOL US,Crypto,1,manual
SATO US,Crypto,1,manual
SOEZ US,Crypto,1,manual
SOLC US,Crypto,1,manual
SOLZ US,Crypto,1,manual
SPBC US,Crypto,1,manual
SSK US,Crypto,1,manual
STBQ US,Crypto,1,manual
STCE US,Crypto,1,manual
TETH US,Crypto,1,manual
TKNQ US,Crypto,1,manual
TOXR US,Crypto,1,manual
TSOL US,Crypto,1,manual
TTOP US,Crypto,1,manual
TXBC US,Crypto,1,manual
VSOL US,Crypto,1,manual
WGMI US,Crypto,1,manual
WTIP US,Crypto,1,manual
XRP US,Crypto,1,manual
XRPC US,Crypto,1,manual
XRPI US,Crypto,1,manual
XRPR US,Crypto,1,manual
XRPZ US,Crypto,1,manual
CLNK US,Crypto,1,manual
AAPR US,Defined,1,manual
AIOO US,Defined,1,manual
AJAN US,Defined,1,manual
AJUL US,Defined,1,manual
AOCT US,Defined,1,manual
APOC US,Defined,1,manual
APRB US,Defined,1,manual
APRH US,Defined,1,manual
APRJ US,Defined,1,manual
APRP US,Defined,1,manual
APRT US,Defined,1,manual
APRW US,Defined,1,manual
APRZ US,Defined,1,manual
APXM US,Defined,1,manual
ARKD US,Defined,1,manual
ARKT US,Defined,1,manual
ARLU US,Defined,1,manual
AUGM US,Defined,1,manual
AUGP US,Defined,1,manual
AUGT US,Defined,1,manual
AUGU US,Defined,1,manual
AUGW US,Defined,1,manual
AUGZ US,Defined,1,manual
BALT US,Defined,1,manual
BAPR US,Defined,1,manual
BAUG US,Defined,1,manual
BDEC US,Defined,1,manual
BFAP US,Defined,1,manual
BFEB US,Defined,1,manual
BFJL US,Defined,1,manual
BFLB US,Defined,1,manual
BFOC US,Defined,1,manual
BFRZ US,Defined,1,manual
BGLD US,Defined,1,manual
BJAN US,Defined,1,manual
BJUL US,Defined,1,manual
BJUN US,Defined,1,manual
BMAR US,Defined,1,manual
BMAY US,Defined,1,manual
BNOV US,Defined,1,manual
BOCT US,Defined,1,manual
BSEP US,Defined,1,manual
BSTP US,Defined,1,manual
BUFB US,Defined,1,manual
BUFC US,Defined,1,manual
BUFD US,Defined,1,manual
BUFF US,Defined,1,manual
BUFG US,Defined,1,manual
BUFH US,Defined,1,manual
BUFI US,Defined,1,manual
BUFM US,Defined,1,manual
BUFP US,Defined,1,manual
BUFQ US,Defined,1,manual
BUFR US,Defined,1,manual
BUFS US,Defined,1,manual
BUFT US,Defined,1,manual
BUFX US,Defined,1,manual
BUFY US,Defined,1,manual
BUFZ US,Defined,1,manual
CBOA US,Defined,1,manual
CBOJ US,Defined,1,manual
CBOL US,Defined,1,manual
CBOO US,Defined,1,manual
CBOY US,Defined,1,manual
CBTA US,Defined,1,manual
CBTJ US,Defined,1,manual
CBTL US,Defined,1,manual
CBTO US,Defined,1,manual
CBTY US,Defined,1,manual
CBXA US,Defined,1,manual
CBXJ US,Defined,1,manual
CBXL US,Defined,1,manual
CBXO US,Defined,1,manual
CBXY US,Defined,1,manual
CPNJ US,Defined,1,manual
CPNM US,Defined,1,manual
CPNQ US,Defined,1,manual
CPNS US,Defined,1,manual
CPRA US,Defined,1,manual
CPRJ US,Defined,1,manual
CPRO US,Defined,1,manual
CPRY US,Defined,1,manual
CPSA US,Defined,1,manual
CPSD US,Defined,1,manual
CPSF US,Defined,1,manual
CPSJ US,Defined,1,manual
CPSL US,Defined,1,manual
CPSM US,Defined,1,manual
CPSN US,Defined,1,manual
CPSO US,Defined,1,manual
CPSP US,Defined,1,manual
CPSR US,Defined,1,manual
CPST US,Defined,1,manual
CPSU US,Defined,1,manual
CPSY US,Defined,1,manual
DAPR US,Defined,1,manual
DAUG US,Defined,1,manual
DDEC US,Defined,1,manual
DDFD US,Defined,1,manual
DDFJ US,Defined,1,manual
DDFL US,Defined,1,manual
DDFN US,Defined,1,manual
DDFO US,Defined,1,manual
DDFS US,Defined,1,manual
DDNQ US,Defined,1,manual
DDSQ US,Defined,1,manual
DDTD US,Defined,1,manual
DDTJ US,Defined,1,manual
DDTL US,Defined,1,manual
DDTN US,Defined,1,manual
DDTO US,Defined,1,manual
DDTS US,Defined,1,manual
DECM US,Defined,1,manual
DECP US,Defined,1,manual
DECT US,Defined,1,manual
DECU US,Defined,1,manual
DECW US,Defined,1,manual
DECZ US,Defined,1,manual
DFEB US,Defined,1,manual
DGOC US,Defined,1,manual
DHDG US,Defined,1,manual
DHSB US,Defined,1,manual
DJAN US,Defined,1,manual
DJUL US,Defined,1,manual
DJUN US,Defined,1,manual
DLAG US,Defined,1,manual
DLNV US,Defined,1,manual
DMAR US,Defined,1,manual
DMAX US,Defined,1,manual
DMAY US,Defined,1,manual
DNOV US,Defined,1,manual
DOCT US,Defined,1,manual
DRSK US,Defined,1,manual
DSEP US,Defined,1,manual
DVIN US,Defined,1,manual
DVQQ US,Defined,1,manual
DVRE US,Defined,1,manual
DVSP US,Defined,1,manual
DVUT US,Defined,1,manual
DVXB US,Defined,1,manual
DVXC US,Defined,1,manual
DVXE US,Defined,1,manual
DVXF US,Defined,1,manual
DVXK US,Defined,1,manual
DVXP US,Defined,1,manual
DVXV US,Defined,1,manual
DVXY US,Defined,1,manual
EALT US,Defined,1,manual
EAPR US,Defined,1,manual
EBUF US,Defined,1,manual
EJAN US,Defined,1,manual
EJUL US,Defined,1,manual
EOCT US,Defined,1,manual
FAPR US,Defined,1,manual
FAUG US,Defined,1,manual
FB US,Defined,1,manual
FBUF US,Defined,1,manual
FDEC US,Defined,1,manual
FEBM US,Defined,1,manual
FEBP US,Defined,1,manual
FEBT US,Defined,1,manual
FEBU US,Defined,1,manual
FEBW US,Defined,1,manual
FEBZ US,Defined,1,manual
FFEB US,Defined,1,manual
FHDG US,Defined,1,manual
FHEQ US,Defined,1,manual
FJAN US,Defined,1,manual
FJUL US,Defined,1,manual
FJUN US,Defined,1,manual
FLAO US,Defined,1,manual
FLJJ US,Defined,1,manual
FMAR US,Defined,1,manual
FMAY US,Defined,1,manual
FNOV US,Defined,1,manual
FOCT US,Defined,1,manual
FSEP US,Defined,1,manual
GAPR US,Defined,1,manual
GAUG US,Defined,1,manual
GBXA US,Defined,1,manual
GBXB US,Defined,1,manual
GBXC US,Defined,1,manual
GDEC US,Defined,1,manual
GFEB US,Defined,1,manual
GJAN US,Defined,1,manual
GJUL US,Defined,1,manual
GJUN US,Defined,1,manual
GMAR US,Defined,1,manual
GMAY US,Defined,1,manual
GNOV US,Defined,1,manual
GOCT US,Defined,1,manual
GSEP US,Defined,1,manual
HELO US,Defined,1,manual
HEQQ US,Defined,1,manual
HOLA US,Defined,1,manual
HYKE US,Defined,1,manual
IAPR US,Defined,1,manual
IAUG US,Defined,1,manual
IBUF US,Defined,1,manual
IDEC US,Defined,1,manual
IFEB US,Defined,1,manual
IFLR US,Defined,1,manual
IJAN US,Defined,1,manual
IJUL US,Defined,1,manual
IJUN US,Defined,1,manual
IMAR US,Defined,1,manual
IMAY US,Defined,1,manual
INOV US,Defined,1,manual
IOCT US,Defined,1,manual
ISEP US,Defined,1,manual
IVVB US,Defined,1,manual
IVVM US,Defined,1,manual
JAJL US,Defined,1,manual
JANB US,Defined,1,manual
JANH US,Defined,1,manual
JANJ US,Defined,1,manual
JANM US,Defined,1,manual
JANP US,Defined,1,manual
JANT US,Defined,1,manual
JANU US,Defined,1,manual
JANW US,Defined,1,manual
JANZ US,Defined,1,manual
JNEU US,Defined,1,manual
JULB US,Defined,1,manual
JULH US,Defined,1,manual
JULJ US,Defined,1,manual
JULM US,Defined,1,manual
JULP US,Defined,1,manual
JULT US,Defined,1,manual
JULU US,Defined,1,manual
JULW US,Defined,1,manual
JULZ US,Defined,1,manual
JUNM US,Defined,1,manual
JUNP US,Defined,1,manual
JUNT US,Defined,1,manual
JUNW US,Defined,1,manual
JUNZ US,Defined,1,manual
KAPR US,Defined,1,manual
KAUG US,Defined,1,manual
KBUF US,Defined,1,manual
KDEC US,Defined,1,manual
KFEB US,Defined,1,manual
KIQQ US,Defined,1,manual
KJAN US,Defined,1,manual
KJUL US,Defined,1,manual
KJUN US,Defined,1,manual
KMAR US,Defined,1,manual
KMAY US,Defined,1,manual
KNOV US,Defined,1,manual
KOCT US,Defined,1,manual
KPRO US,Defined,1,manual
KSEP US,Defined,1,manual
LAPR US,Defined,1,manual
LJAN US,Defined,1,manual
LJUL US,Defined,1,manual
LOCT US,Defined,1,manual
MARM US,Defined,1,manual
MART US,Defined,1,manual
MARU US,Defined,1,manual
MARW US,Defined,1,manual
MARZ US,Defined,1,manual
MAXJ US,Defined,1,manual
MAYM US,Defined,1,manual
MAYP US,Defined,1,manual
MAYT US,Defined,1,manual
MAYU US,Defined,1,manual
MAYW US,Defined,1,manual
MAYZ US,Defined,1,manual
MMAX US,Defined,1,manual
MRCP US,Defined,1,manual
NAPR US,Defined,1,manual
NAUG US,Defined,1,manual
NDEC US,Defined,1,manual
NFEB US,Defined,1,manual
NJAN US,Defined,1,manual
NJUL US,Defined,1,manual
NJUN US,Defined,1,manual
NMAR US,Defined,1,manual
NMAY US,Defined,1,manual
NNOV US,Defined,1,manual
NOCT US,Defined,1,manual
NOVM US,Defined,1,manual
NOVP US,Defined,1,manual
NOVZ US,Defined,1,manual
NSEP US,Defined,1,manual
NVBT US,Defined,1,manual
NVBU US,Defined,1,manual
NVBW US,Defined,1,manual
OCTB US,Defined,1,manual
OCTH US,Defined,1,manual
OCTJ US,Defined,1,manual
OCTM US,Defined,1,manual
OCTP US,Defined,1,manual
OCTT US,Defined,1,manual
OCTU US,Defined,1,manual
OCTW US,Defined,1,manual
OCTZ US,Defined,1,manual
ONEZ US,Defined,1,manual
PAPR US,Defined,1,manual
PAUG US,Defined,1,manual
PBAP US,Defined,1,manual
PBAU US,Defined,1,manual
PBDE US,Defined,1,manual
PBFB US,Defined,1,manual
PBFR US,Defined,1,manual
PBJA US,Defined,1,manual
PBJL US,Defined,1,manual
PBJN US,Defined,1,manual
PBMR US,Defined,1,manual
PBMY US,Defined,1,manual
PBNV US,Defined,1,manual
PBOC US,Defined,1,manual
PBQQ US,Defined,1,manual
PBSE US,Defined,1,manual
PDEC US,Defined,1,manual
PFEB US,Defined,1,manual
PJAN US,Defined,1,manual
PJUL US,Defined,1,manual
PJUN US,Defined,1,manual
PMAP US,Defined,1,manual
PMAR US,Defined,1,manual
PMAU US,Defined,1,manual
PMAY US,Defined,1,manual
PMDE US,Defined,1,manual
PMFB US,Defined,1,manual
PMJA US,Defined,1,manual
PMJL US,Defined,1,manual
PMJN US,Defined,1,manual
PMMR US,Defined,1,manual
PMMY US,Defined,1,manual
PMNV US,Defined,1,manual
PMOC US,Defined,1,manual
PMSE US,Defined,1,manual
PNOV US,Defined,1,manual
POCT US,Defined,1,manual
PQAP US,Defined,1,manual
PQJA US,Defined,1,manual
PQJL US,Defined,1,manual
PQOC US,Defined,1,manual
PSCJ US,Defined,1,manual
PSCQ US,Defined,1,manual
PSCW US,Defined,1,manual
PSCX US,Defined,1,manual
PSEP US,Defined,1,manual
PSFD US,Defined,1,manual
PSFF US,Defined,1,manual
PSFJ US,Defined,1,manual
PSFM US,Defined,1,manual
PSFO US,Defined,1,manual
PSMD US,Defined,1,manual
PSMJ US,Defined,1,manual
PSMO US,Defined,1,manual
PSMR US,Defined,1,manual
PSTP US,Defined,1,manual
PWS US,Defined,1,manual
QB US,Defined,1,manual
QBER US,Defined,1,manual
QBF US,Defined,1,manual
QBSF US,Defined,1,manual
QBUF US,Defined,1,manual
QCAP US,Defined,1,manual
QCJA US,Defined,1,manual
QCJL US,Defined,1,manual
QCOC US,Defined,1,manual
QDEC US,Defined,1,manual
QFLR US,Defined,1,manual
QGRD US,Defined,1,manual
QHDG US,Defined,1,manual
QJUN US,Defined,1,manual
QMAG US,Defined,1,manual
QMAR US,Defined,1,manual
QMFE US,Defined,1,manual
QMMY US,Defined,1,manual
QMNV US,Defined,1,manual
QSPT US,Defined,1,manual
QTAP US,Defined,1,manual
QTJA US,Defined,1,manual
QTJL US,Defined,1,manual
QTOC US,Defined,1,manual
RB US,Defined,1,manual
RBUF US,Defined,1,manual
RFLR US,Defined,1,manual
RSDE US,Defined,1,manual
RSJN US,Defined,1,manual
RSMR US,Defined,1,manual
RSSE US,Defined,1,manual
SAUG US,Defined,1,manual
SBAR US,Defined,1,manual
SEPM US,Defined,1,manual
SEPP US,Defined,1,manual
SEPT US,Defined,1,manual
SEPU US,Defined,1,manual
SEPW US,Defined,1,manual
SEPZ US,Defined,1,manual
SFEB US,Defined,1,manual
SFLR US,Defined,1,manual
SIXD US,Defined,1,manual
SIXF US,Defined,1,manual
SIXJ US,Defined,1,manual
SIXO US,Defined,1,manual
SIXP US,Defined,1,manual
SIXZ US,Defined,1,manual
SMAX US,Defined,1,manual
SMAY US,Defined,1,manual
SNOV US,Defined,1,manual
SPBU US,Defined,1,manual
SPBW US,Defined,1,manual
SPBX US,Defined,1,manual
SQMX US,Defined,1,manual
STEN US,Defined,1,manual
TAPR US,Defined,1,manual
TBJL US,Defined,1,manual
TDEC US,Defined,1,manual
TEND US,Defined,1,manual
TENJ US,Defined,1,manual
TENM US,Defined,1,manual
TFJL US,Defined,1,manual
THEQ US,Defined,1,manual
TJAN US,Defined,1,manual
TJUL US,Defined,1,manual
TJUN US,Defined,1,manual
TMAR US,Defined,1,manual
TOCT US,Defined,1,manual
TRIO US,Defined,1,manual
TSEP US,Defined,1,manual
TWOX US,Defined,1,manual
UAPR US,Defined,1,manual
UAUG US,Defined,1,manual
UDEC US,Defined,1,manual
UFEB US,Defined,1,manual
UJAN US,Defined,1,manual
UJUL US,Defined,1,manual
UJUN US,Defined,1,manual
UMAR US,Defined,1,manual
UMAY US,Defined,1,manual
UNOV US,Defined,1,manual
UOCT US,Defined,1,manual
USEP US,Defined,1,manual
UXAP US,Defined,1,manual
UXJA US,Defined,1,manual
UXJL US,Defined,1,manual
UXOC US,Defined,1,manual
XAPR US,Defined,1,manual
XAUG US,Defined,1,manual
XBAP US,Defined,1,manual
XBJA US,Defined,1,manual
XBJL US,Defined,1,manual
XBOC US,Defined,1,manual
XDEC US,Defined,1,manual
XDQQ US,Defined,1,manual
XDSQ US,Defined,1,manual
XFEB US,Defined,1,manual
XIDE US,Defined,1,manual
XIJN US,Defined,1,manual
XIMR US,Defined,1,manual
XISE US,Defined,1,manual
XJAN US,Defined,1,manual
XJUL US,Defined,1,manual
XJUN US,Defined,1,manual
XMAR US,Defined,1,manual
XMAY US,Defined,1,manual
XNOV US,Defined,1,manual
XOCT US,Defined,1,manual
XSEP US,Defined,1,manual
XTAP US,Defined,1,manual
XTJA US,Defined,1,manual
XTJL US,Defined,1,manual
XTOC US,Defined,1,manual
XUSP US,Defined,1,manual
YDEC US,Defined,1,manual
YJUN US,Defined,1,manual
YMAR US,Defined,1,manual
YSEP US,Defined,1,manual
ZALT US,Defined,1,manual
ZAPR US,Defined,1,manual
ZAUG US,Defined,1,manual
ZDEK US,Defined,1,manual
ZFEB US,Defined,1,manual
ZJAN US,Defined,1,manual
ZJUL US,Defined,1,manual
ZJUN US,Defined,1,manual
ZMAR US,Defined,1,manual
ZMAY US,Defined,1,manual
ZNOV US,Defined,1,manual
ZOCT US,Defined,1,manual
ZSEP US,Defined,1,manual
BFJA US,Defined,1,manual
DGJA US,Defined,1,manual
BTCL US,LI,1,manual
BTCZ US,LI,1,manual
ETQ US,LI,1,manual
ETU US,LI,1,manual
SOLX US,LI,1,manual
XRPK US,LI,1,manual
AALG US,LI,1,manual
AAPB US,LI,1,manual
AAPD US,LI,1,manual
AAPU US,LI,1,manual
AAPX US,LI,1,manual
ABNG US,LI,1,manual
ADBG US,LI,1,manual
ADZCF US,LI,1,manual
AFRU US,LI,1,manual
AGQ US,LI,1,manual
AIBD US,LI,1,manual
AIBU US,LI,1,manual
AMDD US,LI,1,manual
AMDG US,LI,1,manual
AMDL US,LI,1,manual
AMUU US,LI,1,manual
AMZD US,LI,1,manual
AMZU US,LI,1,manual
AMZZ US,LI,1,manual
ANEL US,LI,1,manual
APLX US,LI,1,manual
APPX US,LI,1,manual
ARCX US,LI,1,manual
ARMG US,LI,1,manual
ARMU US,LI,1,manual
ASMG US,LI,1,manual
ASTX US,LI,1,manual
AURU US,LI,1,manual
AVGG US,LI,1,manual
AVGU US,LI,1,manual
AVGX US,LI,1,manual
AVL US,LI,1,manual
AVS US,LI,1,manual
AVXX US,LI,1,manual
AXUP US,LI,1,manual
BABX US,LI,1,manual
BAIG US,LI,1,manual
BDCX US,LI,1,manual
BDDXF US,LI,1,manual
BEG US,LI,1,manual
BEGS US,LI,1,manual
BERZ US,LI,1,manual
BEX US,LI,1,manual
BIB US,LI,1,manual
BIDG US,LI,1,manual
BIS US,LI,1,manual
BITI US,LI,1,manual
BITU US,LI,1,manual
BITX US,LI,1,manual
BKNU US,LI,1,manual
BLSG US,LI,1,manual
BLSX US,LI,1,manual
BMNG US,LI,1,manual
BMNU US,LI,1,manual
BMNZ US,LI,1,manual
BNKD US,LI,1,manual
BNKU US,LI,1,manual
BOED US,LI,1,manual
BOEG US,LI,1,manual
BOEU US,LI,1,manual
BOIL US,LI,1,manual
BOMMF US,LI,1,manual
BOSXF US,LI,1,manual
BRKD US,LI,1,manual
BRKU US,LI,1,manual
BRZU US,LI,1,manual
BTFL US,LI,1,manual
BTGD US,LI,1,manual
BU US,LI,1,manual
BULG US,LI,1,manual
BULU US,LI,1,manual
BULX US,LI,1,manual
BULZ US,LI,1,manual
BZQ US,LI,1,manual
CARD US,LI,1,manual
CARU US,LI,1,manual
CCUP US,LI,1,manual
CEFD US,LI,1,manual
CEGX US,LI,1,manual
CELT US,LI,1,manual
CHAU US,LI,1,manual
CIFG US,LI,1,manual
CIFU US,LI,1,manual
CLSX US,LI,1,manual
CMGG US,LI,1,manual
CNCG US,LI,1,manual
COIA US,LI,1,manual
COIG US,LI,1,manual
COIO US,LI,1,manual
CONI US,LI,1,manual
CONL US,LI,1,manual
CONX US,LI,1,manual
CORD US,LI,1,manual
COTG US,LI,1,manual
COZX US,LI,1,manual
CPXR US,LI,1,manual
CRCA US,LI,1,manual
CRCD US,LI,1,manual
CRCG US,LI,1,manual
CRDU US,LI,1,manual
CRMG US,LI,1,manual
CRWG US,LI,1,manual
CRWL US,LI,1,manual
CRWU US,LI,1,manual
CSCL US,LI,1,manual
CSCS US,LI,1,manual
CSEX US,LI,1,manual
CSM US,LI,1,manual
CURE US,LI,1,manual
CVNX US,LI,1,manual
CWEB US,LI,1,manual
CWVX US,LI,1,manual
CXRN US,LI,1,manual
DAGXF US,LI,1,manual
DAMD US,LI,1,manual
DASX US,LI,1,manual
DDM US,LI,1,manual
DDPXF US,LI,1,manual
DEENF US,LI,1,manual
DFEN US,LI,1,manual
DGP US,LI,1,manual
DGZ US,LI,1,manual
DIG US,LI,1,manual
DJTU US,LI,1,manual
DKNX US,LI,1,manual
DKUP US,LI,1,manual
DLLL US,LI,1,manual
DOG US,LI,1,manual
DOGD US,LI,1,manual
DPST US,LI,1,manual
DRIP US,LI,1,manual
DRN US,LI,1,manual
DRV US,LI,1,manual
DUG US,LI,1,manual
DULL US,LI,1,manual
DUOG US,LI,1,manual
DUSL US,LI,1,manual
DUST US,LI,1,manual
DXD US,LI,1,manual
DYYXF US,LI,1,manual
DZZ US,LI,1,manual
EDC US,LI,1,manual
EDZ US,LI,1,manual
EET US,LI,1,manual
EEV US,LI,1,manual
EFO US,LI,1,manual
EFU US,LI,1,manual
EFZ US,LI,1,manual
ELIL US,LI,1,manual
ELIS US,LI,1,manual
EMTY US,LI,1,manual
ENPX US,LI,1,manual
EPV US,LI,1,manual
ERX US,LI,1,manual
ERY US,LI,1,manual
ETHD US,LI,1,manual
ETHT US,LI,1,manual
ETHU US,LI,1,manual
ETRL US,LI,1,manual
EUM US,LI,1,manual
EUO US,LI,1,manual
EURL US,LI,1,manual
EWV US,LI,1,manual
EZJ US,LI,1,manual
FAS US,LI,1,manual
FAZ US,LI,1,manual
FBL US,LI,1,manual
FIGG US,LI,1,manual
FLYD US,LI,1,manual
FLYT US,LI,1,manual
FLYU US,LI,1,manual
FNGD US,LI,1,manual
FNGG US,LI,1,manual
FNGO US,LI,1,manual
FNGU US,LI,1,manual
FRDD US,LI,1,manual
FRDU US,LI,1,manual
FUTG US,LI,1,manual
FXP US,LI,1,manual
GDXD US,LI,1,manual
GDXU US,LI,1,manual
GEMG US,LI,1,manual
GEVG US,LI,1,manual
GEVX US,LI,1,manual
GGLL US,LI,1,manual
GGLS US,LI,1,manual
GLGG US,LI,1,manual
GLL US,LI,1,manual
GLXU US,LI,1,manual
GMEU US,LI,1,manual
GOOX US,LI,1,manual
GOU US,LI,1,manual
GRAG US,LI,1,manual
GSX US,LI,1,manual
GUSH US,LI,1,manual
HCMT US,LI,1,manual
HDLB US,LI,1,manual
HIBL US,LI,1,manual
HIBS US,LI,1,manual
HIMZ US,LI,1,manual
HODU US,LI,1,manual
HOOG US,LI,1,manual
HOOX US,LI,1,manual
HOOZ US,LI,1,manual
INDL US,LI,1,manual
INTW US,LI,1,manual
IONL US,LI,1,manual
IONX US,LI,1,manual
IONZ US,LI,1,manual
IRE US,LI,1,manual
IREG US,LI,1,manual
IREX US,LI,1,manual
ISUL US,LI,1,manual
IWDL US,LI,1,manual
IWFL US,LI,1,manual
IWML US,LI,1,manual
JDST US,LI,1,manual
JETD US,LI,1,manual
JETU US,LI,1,manual
JNUG US,LI,1,manual
JOBX US,LI,1,manual
KBAB US,LI,1,manual
KBDU US,LI,1,manual
KJD US,LI,1,manual
KLAG US,LI,1,manual
KMLI US,LI,1,manual
KOLD US,LI,1,manual
KORU US,LI,1,manual
KPDD US,LI,1,manual
KTUP US,LI,1,manual
LABD US,LI,1,manual
LABU US,LI,1,manual
LABX US,LI,1,manual
LACG US,LI,1,manual
LAYS US,LI,1,manual
LCDL US,LI,1,manual
LINT US,LI,1,manual
LLYX US,LI,1,manual
LLYZ US,LI,1,manual
LMBO US,LI,1,manual
LMNX US,LI,1,manual
LMTL US,LI,1,manual
LMTS US,LI,1,manual
LRCU US,LI,1,manual
LTL US,LI,1,manual
LULG US,LI,1,manual
LYFX US,LI,1,manual
MAGX US,LI,1,manual
MDBX US,LI,1,manual
METD US,LI,1,manual
METU US,LI,1,manual
MEXX US,LI,1,manual
MIDU US,LI,1,manual
MLPR US,LI,1,manual
MPG US,LI,1,manual
MPL US,LI,1,manual
MQQQ US,LI,1,manual
MRAL US,LI,1,manual
MSDD US,LI,1,manual
MSFD US,LI,1,manual
MSFL US,LI,1,manual
MSFU US,LI,1,manual
MSFX US,LI,1,manual
MSOO US,LI,1,manual
MSOX US,LI,1,manual
MSTP US,LI,1,manual
MSTU US,LI,1,manual
MSTX US,LI,1,manual
MSTZ US,LI,1,manual
MTUL US,LI,1,manual
MUD US,LI,1,manual
MULL US,LI,1,manual
MUU US,LI,1,manual
MVLL US,LI,1,manual
MVPL US,LI,1,manual
MVRL US,LI,1,manual
MVV US,LI,1,manual
MYY US,LI,1,manual
MZZ US,LI,1,manual
NAIL US,LI,1,manual
NBIG US,LI,1,manual
NBIL US,LI,1,manual
NEBX US,LI,1,manual
NEMG US,LI,1,manual
NETG US,LI,1,manual
NETX US,LI,1,manual
NFLU US,LI,1,manual
NFXL US,LI,1,manual
NFXS US,LI,1,manual
NIOG US,LI,1,manual
NNEX US,LI,1,manual
NOWL US,LI,1,manual
NRGD US,LI,1,manual
NRGU US,LI,1,manual
NUG US,LI,1,manual
NUGT US,LI,1,manual
NVD US,LI,1,manual
NVDB US,LI,1,manual
NVDD US,LI,1,manual
NVDG US,LI,1,manual
NVDL US,LI,1,manual
NVDO US,LI,1,manual
NVDQ US,LI,1,manual
NVDS US,LI,1,manual
NVDU US,LI,1,manual
NVDX US,LI,1,manual
NVOX US,LI,1,manual
NVTX US,LI,1,manual
NWMX US,LI,1,manual
OILD US,LI,1,manual
OILU US,LI,1,manual
OKLL US,LI,1,manual
OKLS US,LI,1,manual
OKTG US,LI,1,manual
OKTX US,LI,1,manual
ONDL US,LI,1,manual
OPEG US,LI,1,manual
OPEX US,LI,1,manual
ORCS US,LI,1,manual
ORCU US,LI,1,manual
ORCX US,LI,1,manual
ORR US,LI,1,manual
OSCG US,LI,1,manual
OSCX US,LI,1,manual
PALD US,LI,1,manual
PALU US,LI,1,manual
PANG US,LI,1,manual
PBRG US,LI,1,manual
PDDL US,LI,1,manual
PFFL US,LI,1,manual
PILL US,LI,1,manual
PLOO US,LI,1,manual
PLTA US,LI,1,manual
PLTD US,LI,1,manual
PLTG US,LI,1,manual
PLTU US,LI,1,manual
PLTZ US,LI,1,manual
PLU US,LI,1,manual
PONX US,LI,1,manual
PSQ US,LI,1,manual
PST US,LI,1,manual
PTIR US,LI,1,manual
PXIU US,LI,1,manual
PYPG US,LI,1,manual
QBTX US,LI,1,manual
QBTZ US,LI,1,manual
QCMD US,LI,1,manual
QCML US,LI,1,manual
QCMU US,LI,1,manual
QID US,LI,1,manual
QLD US,LI,1,manual
QPUX US,LI,1,manual
QQDN US,LI,1,manual
QQQD US,LI,1,manual
QQQP US,LI,1,manual
QQQU US,LI,1,manual
QQUP US,LI,1,manual
QQXL US,LI,1,manual
QSU US,LI,1,manual
QSX US,LI,1,manual
QUBX US,LI,1,manual
QULL US,LI,1,manual
RAAA US,LI,1,manual
RBLU US,LI,1,manual
RDTL US,LI,1,manual
REK US,LI,1,manual
REKT US,LI,1,manual
RETL US,LI,1,manual
REW US,LI,1,manual
RGTU US,LI,1,manual
RGTX US,LI,1,manual
RGTZ US,LI,1,manual
RIOX US,LI,1,manual
RKLX US,LI,1,manual
RKLZ US,LI,1,manual
ROBN US,LI,1,manual
ROM US,LI,1,manual
RSBA US,LI,1,manual
RSBT US,LI,1,manual
RSBY US,LI,1,manual
RSEE US,LI,1,manual
RSSB US,LI,1,manual
RSST US,LI,1,manual
RSSX US,LI,1,manual
RSSY US,LI,1,manual
RTXG US,LI,1,manual
RVNL US,LI,1,manual
RWM US,LI,1,manual
RXD US,LI,1,manual
RXL US,LI,1,manual
SAA US,LI,1,manual
SARK US,LI,1,manual
SATG US,LI,1,manual
SBB US,LI,1,manual
SBIT US,LI,1,manual
SBTU US,LI,1,manual
SBU US,LI,1,manual
SCC US,LI,1,manual
SCDL US,LI,1,manual
SCO US,LI,1,manual
SDD US,LI,1,manual
SDOW US,LI,1,manual
SDP US,LI,1,manual
SDS US,LI,1,manual
SEF US,LI,1,manual
SETH US,LI,1,manual
SH US,LI,1,manual
SHNY US,LI,1,manual
SHPD US,LI,1,manual
SHPU US,LI,1,manual
SIJ US,LI,1,manual
SJB US,LI,1,manual
SKF US,LI,1,manual
SKRE US,LI,1,manual
SKYU US,LI,1,manual
SLON US,LI,1,manual
SMCL US,LI,1,manual
SMCX US,LI,1,manual
SMCZ US,LI,1,manual
SMDD US,LI,1,manual
SMHB US,LI,1,manual
SMN US,LI,1,manual
SMQ US,LI,1,manual
SMST US,LI,1,manual
SMU US,LI,1,manual
SMUP US,LI,1,manual
SNAG US,LI,1,manual
SNOU US,LI,1,manual
SNPX US,LI,1,manual
SOFX US,LI,1,manual
SOLT US,LI,1,manual
SOUX US,LI,1,manual
SOXL US,LI,1,manual
SOXS US,LI,1,manual
SPDN US,LI,1,manual
SPOG US,LI,1,manual
SPUU US,LI,1,manual
SPXL US,LI,1,manual
SPXS US,LI,1,manual
SPXU US,LI,1,manual
SPYQ US,LI,1,manual
SPYU US,LI,1,manual
SQQQ US,LI,1,manual
SRPU US,LI,1,manual
SRS US,LI,1,manual
SRTY US,LI,1,manual
SSG US,LI,1,manual
SSO US,LI,1,manual
STSM US,LI,1,manual
SVIX US,LI,1,manual
SVOL US,LI,1,manual
SVXY US,LI,1,manual
SZK US,LI,1,manual
SZOXF US,LI,1,manual
TARK US,LI,1,manual
TBF US,LI,1,manual
TBT US,LI,1,manual
TBX US,LI,1,manual
TBXU US,LI,1,manual
TDAX US,LI,1,manual
TECL US,LI,1,manual
TECS US,LI,1,manual
TEMT US,LI,1,manual
TERG US,LI,1,manual
TEXU US,LI,1,manual
TMF US,LI,1,manual
TMV US,LI,1,manual
TNA US,LI,1,manual
TPOR US,LI,1,manual
TQQQ US,LI,1,manual
TSDD US,LI,1,manual
TSL US,LI,1,manual
TSLG US,LI,1,manual
TSLI US,LI,1,manual
TSLL US,LI,1,manual
TSLO US,LI,1,manual
TSLQ US,LI,1,manual
TSLR US,LI,1,manual
TSLS US,LI,1,manual
TSLT US,LI,1,manual
TSLZ US,LI,1,manual
TSMG US,LI,1,manual
TSMU US,LI,1,manual
TSMX US,LI,1,manual
TSMZ US,LI,1,manual
TSXD US,LI,1,manual
TSXU US,LI,1,manual
TSYX US,LI,1,manual
TTDU US,LI,1,manual
TTT US,LI,1,manual
TTXD US,LI,1,manual
TTXU US,LI,1,manual
TWM US,LI,1,manual
TXXD US,LI,1,manual
TXXS US,LI,1,manual
TYD US,LI,1,manual
TYO US,LI,1,manual
TZA US,LI,1,manual
UBOT US,LI,1,manual
UBR US,LI,1,manual
UBRL US,LI,1,manual
UBT US,LI,1,manual
UCC US,LI,1,manual
UCO US,LI,1,manual
UCYB US,LI,1,manual
UDN US,LI,1,manual
UDOW US,LI,1,manual
UGE US,LI,1,manual
UGL US,LI,1,manual
UJB US,LI,1,manual
ULE US,LI,1,manual
UMDD US,LI,1,manual
UNHG US,LI,1,manual
UNX US,LI,1,manual
UPRO US,LI,1,manual
UPSG US,LI,1,manual
UPSX US,LI,1,manual
UPV US,LI,1,manual
UPW US,LI,1,manual
URAA US,LI,1,manual
URE US,LI,1,manual
URSP US,LI,1,manual
URTY US,LI,1,manual
USD US,LI,1,manual
USML US,LI,1,manual
UST US,LI,1,manual
UTSL US,LI,1,manual
UVIX US,LI,1,manual
UVXY US,LI,1,manual
UWM US,LI,1,manual
UXI US,LI,1,manual
UXRP US,LI,1,manual
UYG US,LI,1,manual
UYM US,LI,1,manual
VALG US,LI,1,manual
VOYX US,LI,1,manual
VRTL US,LI,1,manual
VSTL US,LI,1,manual
VYLD US,LI,1,manual
WANT US,LI,1,manual
WEBL US,LI,1,manual
WEBS US,LI,1,manual
WILD US,LI,1,manual
WTIB US,LI,1,manual
WTID US,LI,1,manual
WTIU US,LI,1,manual
WULX US,LI,1,manual
WXET US,LI,1,manual
XOMX US,LI,1,manual
XOMZ US,LI,1,manual
XPP US,LI,1,manual
XRPT US,LI,1,manual
XVOL US,LI,1,manual
XXRP US,LI,1,manual
XYZG US,LI,1,manual
YANG US,LI,1,manual
YCL US,LI,1,manual
YCS US,LI,1,manual
YINN US,LI,1,manual
YXI US,LI,1,manual
ZSL US,LI,1,manual
ZVOL US,LI,1,manual
ALBG US,LI,1,manual
CRMX US,LI,1,manual
EOSU US,LI,1,manual
FDRX US,LI,1,manual
HUTG US,LI,1,manual
LUNL US,LI,1,manual
ONDG US,LI,1,manual
ONDU US,LI,1,manual
ORLG US,LI,1,manual
PATX US,LI,1,manual
PLUL US,LI,1,manual
RKTL US,LI,1,manual
USAX US,LI,1,manual
USGG US,LI,1,manual
UUUG US,LI,1,manual
XPEG US,LI,1,manual
APLZ US,LI,1,manual
IREZ US,LI,1,manual
LCIZ US,LI,1,manual
LNOK US,LI,1,manual
NBIZ US,LI,1,manual
QXAS US,LI,1,manual
LITX US,LI,1,manual
RDWU US,LI,1,manual
SNXX US,LI,1,manual
WDCX US,LI,1,manual
BMAX US,Thematic,1,manual
ABLD US,Thematic,1,manual
ABOT US,Thematic,1,manual
ACES US,Thematic,1,manual
AGIX US,Thematic,1,manual
AIFD US,Thematic,1,manual
AIQ US,Thematic,1,manual
AIS US,Thematic,1,manual
AIVC US,Thematic,1,manual
ANEW US,Thematic,1,manual
AOTG US,Thematic,1,manual
AQWA US,Thematic,1,manual
ARKF US,Thematic,1,manual
ARKG US,Thematic,1,manual
ARKK US,Thematic,1,manual
ARKQ US,Thematic,1,manual
ARKW US,Thematic,1,manual
ARKX US,Thematic,1,manual
ARTY US,Thematic,1,manual
ARVR US,Thematic,1,manual
AVIE US,Thematic,1,manual
AWAY US,Thematic,1,manual
BAI US,Thematic,1,manual
BATT US,Thematic,1,manual
BCDF US,Thematic,1,manual
BEDZ US,Thematic,1,manual
BETZ US,Thematic,1,manual
BILD US,Thematic,1,manual
BJK US,Thematic,1,manual
BKCH US,Thematic,1,manual
BKGI US,Thematic,1,manual
BLCN US,Thematic,1,manual
BLKC US,Thematic,1,manual
BLOK US,Thematic,1,manual
BMED US,Thematic,1,manual
BMVP US,Thematic,1,manual
BNGE US,Thematic,1,manual
BOAT US,Thematic,1,manual
BOTT US,Thematic,1,manual
BOTZ US,Thematic,1,manual
BPAY US,Thematic,1,manual
BUG US,Thematic,1,manual
BULD US,Thematic,1,manual
BUYZ US,Thematic,1,manual
BWEB US,Thematic,1,manual
CANC US,Thematic,1,manual
CARZ US,Thematic,1,manual
CCNR US,Thematic,1,manual
CCSO US,Thematic,1,manual
CGW US,Thematic,1,manual
CHAT US,Thematic,1,manual
CHGX US,Thematic,1,manual
CIBR US,Thematic,1,manual
CLOD US,Thematic,1,manual
CLOU US,Thematic,1,manual
CNRG US,Thematic,1,manual
COPY US,Thematic,1,manual
CSD US,Thematic,1,manual
CSNR US,Thematic,1,manual
CTEC US,Thematic,1,manual
CTEX US,Thematic,1,manual
CUT US,Thematic,1,manual
DAPP US,Thematic,1,manual
DARP US,Thematic,1,manual
DAT US,Thematic,1,manual
DGIN US,Thematic,1,manual
DMAT US,Thematic,1,manual
DMCY US,Thematic,1,manual
DRIV US,Thematic,1,manual
DRNZ US,Thematic,1,manual
DTCR US,Thematic,1,manual
DTEC US,Thematic,1,manual
EATZ US,Thematic,1,manual
EBIZ US,Thematic,1,manual
ECON US,Thematic,1,manual
EFRA US,Thematic,1,manual
EKG US,Thematic,1,manual
ELFY US,Thematic,1,manual
EMCR US,Thematic,1,manual
EMDM US,Thematic,1,manual
EMIF US,Thematic,1,manual
EMLP US,Thematic,1,manual
EMQQ US,Thematic,1,manual
ENFR US,Thematic,1,manual
ERET US,Thematic,1,manual
ERTH US,Thematic,1,manual
ESPO US,Thematic,1,manual
ETEC US,Thematic,1,manual
ETHO US,Thematic,1,manual
EUAD US,Thematic,1,manual
EVX US,Thematic,1,manual
FAI US,Thematic,1,manual
FAN US,Thematic,1,manual
FBOT US,Thematic,1,manual
FCLD US,Thematic,1,manual
FCPI US,Thematic,1,manual
FDCF US,Thematic,1,manual
FDFF US,Thematic,1,manual
FDRV US,Thematic,1,manual
FDTX US,Thematic,1,manual
FINX US,Thematic,1,manual
FIW US,Thematic,1,manual
FMED US,Thematic,1,manual
FMET US,Thematic,1,manual
FMQQ US,Thematic,1,manual
FPX US,Thematic,1,manual
FPXE US,Thematic,1,manual
FPXI US,Thematic,1,manual
FRNW US,Thematic,1,manual
FTAG US,Thematic,1,manual
FTIF US,Thematic,1,manual
FTRI US,Thematic,1,manual
FTWO US,Thematic,1,manual
FWD US,Thematic,1,manual
GAMR US,Thematic,1,manual
GBLD US,Thematic,1,manual
GCAD US,Thematic,1,manual
GDOC US,Thematic,1,manual
GGME US,Thematic,1,manual
GGRW US,Thematic,1,manual
GII US,Thematic,1,manual
GINN US,Thematic,1,manual
GNOM US,Thematic,1,manual
GNR US,Thematic,1,manual
GRID US,Thematic,1,manual
GTEK US,Thematic,1,manual
GUNR US,Thematic,1,manual
HACK US,Thematic,1,manual
HAIL US,Thematic,1,manual
HAP US,Thematic,1,manual
HAPI US,Thematic,1,manual
HAPS US,Thematic,1,manual
HEAL US,Thematic,1,manual
HELX US,Thematic,1,manual
HERO US,Thematic,1,manual
HOMZ US,Thematic,1,manual
HRTS US,Thematic,1,manual
HTEC US,Thematic,1,manual
HUMN US,Thematic,1,manual
HWAY US,Thematic,1,manual
HYDR US,Thematic,1,manual
IBLC US,Thematic,1,manual
IBOT US,Thematic,1,manual
IBRN US,Thematic,1,manual
IBUY US,Thematic,1,manual
ICLN US,Thematic,1,manual
IDNA US,Thematic,1,manual
IDRV US,Thematic,1,manual
IFRA US,Thematic,1,manual
IGE US,Thematic,1,manual
IGF US,Thematic,1,manual
IHAK US,Thematic,1,manual
IHI US,Thematic,1,manual
ILDR US,Thematic,1,manual
ILIT US,Thematic,1,manual
INCO US,Thematic,1,manual
INFL US,Thematic,1,manual
INFR US,Thematic,1,manual
INQQ US,Thematic,1,manual
ION US,Thematic,1,manual
IPAV US,Thematic,1,manual
IPAY US,Thematic,1,manual
IPO US,Thematic,1,manual
IPOS US,Thematic,1,manual
IQM US,Thematic,1,manual
IQRA US,Thematic,1,manual
ISHP US,Thematic,1,manual
ISMD US,Thematic,1,manual
ITA US,Thematic,1,manual
ITB US,Thematic,1,manual
ITEQ US,Thematic,1,manual
IVRS US,Thematic,1,manual
JETS US,Thematic,1,manual
JOET US,Thematic,1,manual
JTEK US,Thematic,1,manual
KARS US,Thematic,1,manual
KDEF US,Thematic,1,manual
KGRN US,Thematic,1,manual
KLXY US,Thematic,1,manual
KNCT US,Thematic,1,manual
KOMP US,Thematic,1,manual
KROP US,Thematic,1,manual
KTEC US,Thematic,1,manual
KWEB US,Thematic,1,manual
LEGR US,Thematic,1,manual
LIMI US,Thematic,1,manual
LIT US,Thematic,1,manual
LITP US,Thematic,1,manual
LOPP US,Thematic,1,manual
LOUP US,Thematic,1,manual
LRNZ US,Thematic,1,manual
MDEV US,Thematic,1,manual
MEDI US,Thematic,1,manual
MEDX US,Thematic,1,manual
METV US,Thematic,1,manual
MGNR US,Thematic,1,manual
MILN US,Thematic,1,manual
MINV US,Thematic,1,manual
MISL US,Thematic,1,manual
MJ US,Thematic,1,manual
MLPA US,Thematic,1,manual
MLPX US,Thematic,1,manual
MOO US,Thematic,1,manual
MOTO US,Thematic,1,manual
NANR US,Thematic,1,manual
NATO US,Thematic,1,manual
NBDS US,Thematic,1,manual
NBET US,Thematic,1,manual
NERD US,Thematic,1,manual
NFRA US,Thematic,1,manual
NLR US,Thematic,1,manual
NRES US,Thematic,1,manual
NUKZ US,Thematic,1,manual
NXTE US,Thematic,1,manual
NXTG US,Thematic,1,manual
NZAC US,Thematic,1,manual
NZUS US,Thematic,1,manual
OBOR US,Thematic,1,manual
ODDS US,Thematic,1,manual
OGIG US,Thematic,1,manual
OND US,Thematic,1,manual
ONLN US,Thematic,1,manual
OZEM US,Thematic,1,manual
PAVE US,Thematic,1,manual
PAWZ US,Thematic,1,manual
PBD US,Thematic,1,manual
PBW US,Thematic,1,manual
PEJ US,Thematic,1,manual
PFUT US,Thematic,1,manual
PHO US,Thematic,1,manual
PINK US,Thematic,1,manual
PIO US,Thematic,1,manual
PIPE US,Thematic,1,manual
PJBF US,Thematic,1,manual
PKB US,Thematic,1,manual
POWA US,Thematic,1,manual
PPA US,Thematic,1,manual
PPI US,Thematic,1,manual
PSIL US,Thematic,1,manual
PSWD US,Thematic,1,manual
PWER US,Thematic,1,manual
PWRD US,Thematic,1,manual
QCLN US,Thematic,1,manual
QQQS US,Thematic,1,manual
QTUM US,Thematic,1,manual
RBLD US,Thematic,1,manual
RIFR US,Thematic,1,manual
RNRG US,Thematic,1,manual
RNWZ US,Thematic,1,manual
ROBO US,Thematic,1,manual
ROBT US,Thematic,1,manual
ROKT US,Thematic,1,manual
RSHO US,Thematic,1,manual
SAGP US,Thematic,1,manual
SCAP US,Thematic,1,manual
SHE US,Thematic,1,manual
SHLD US,Thematic,1,manual
SHPP US,Thematic,1,manual
SIMS US,Thematic,1,manual
SIXG US,Thematic,1,manual
SKYY US,Thematic,1,manual
SNSR US,Thematic,1,manual
SOCL US,Thematic,1,manual
SOLR US,Thematic,1,manual
SPAM US,Thematic,1,manual
SPAQ US,Thematic,1,manual
SPCX US,Thematic,1,manual
SPCZ US,Thematic,1,manual
SPRX US,Thematic,1,manual
SRVR US,Thematic,1,manual
STXD US,Thematic,1,manual
SUPL US,Thematic,1,manual
SUPP US,Thematic,1,manual
SURI US,Thematic,1,manual
TAN US,Thematic,1,manual
TCHI US,Thematic,1,manual
TEC US,Thematic,1,manual
TECB US,Thematic,1,manual
TEKX US,Thematic,1,manual
THNQ US,Thematic,1,manual
TIME US,Thematic,1,manual
TINY US,Thematic,1,manual
TOKE US,Thematic,1,manual
TOLL US,Thematic,1,manual
TOLZ US,Thematic,1,manual
TRFK US,Thematic,1,manual
TRFM US,Thematic,1,manual
UFO US,Thematic,1,manual
UPGR US,Thematic,1,manual
URA US,Thematic,1,manual
URAN US,Thematic,1,manual
URNJ US,Thematic,1,manual
URNM US,Thematic,1,manual
USAI US,Thematic,1,manual
USNZ US,Thematic,1,manual
VCLN US,Thematic,1,manual
VEGI US,Thematic,1,manual
VEGN US,Thematic,1,manual
VERS US,Thematic,1,manual
VICE US,Thematic,1,manual
VRAI US,Thematic,1,manual
WAR US,Thematic,1,manual
WCBR US,Thematic,1,manual
WCEO US,Thematic,1,manual
WCLD US,Thematic,1,manual
WDNA US,Thematic,1,manual
WEED US,Thematic,1,manual
WISE US,Thematic,1,manual
WOMN US,Thematic,1,manual
WOOD US,Thematic,1,manual
WTAI US,Thematic,1,manual
WUGI US,Thematic,1,manual
XAIX US,Thematic,1,manual
XAR US,Thematic,1,manual
XDAT US,Thematic,1,manual
XHB US,Thematic,1,manual
XITK US,Thematic,1,manual
XOVR US,Thematic,1,manual
XPND US,Thematic,1,manual
XSW US,Thematic,1,manual
XTL US,Thematic,1,manual
YOLO US,Thematic,1,manual
ZSC US,Thematic,1,manual
MRNX US,LI,1,manual
RCAX US,LI,1,manual
ZETX US,LI,1,manual
DDFF US,Defined,1,manual
DDTF US,Defined,1,manual
JANI US,Defined,1,manual
BPRO US,Crypto,1,manual
KRYP US,Crypto,1,manual
TDOG US,Crypto,1,manual
VAVX US,Crypto,1,manual
ANV US,CC,1,manual
TLA US,CC,1,manual
XSPI US,CC,1,manual
ASTN US,LI,1,manual
CRMU US,LI,1,manual
DNNG US,LI,1,manual
UECG US,LI,1,manual
BEZ US,LI,1,manual
SMZ US,LI,1,manual
ATCL US,CC,1,manual
GSUI US,Crypto,1,manual
SUIS US,Crypto,1,manual
APHU US,LI,1,manual
ASMU US,LI,1,manual
AXPG US,LI,1,manual
BABU US,LI,1,manual
CLSZ US,LI,1,manual
COHX US,LI,1,manual
COPZ US,LI,1,manual
FCXG US,LI,1,manual
FGRU US,LI,1,manual
LEUX US,LI,1,manual
MRVU US,LI,1,manual
SOFA US,LI,1,manual
DLFE US,Defined,1,manual
FNGS US,LI,1,manual
UPSD US,LI,1,manual
DRNL US,LI,1,manual
XT US,Thematic,1,manual
IVES US,Thematic,1,manual
MSOS US,Thematic,1,manual
IGPT US,Thematic,1,manual
AIPO US,Thematic,1,manual
TMAT US,Thematic,1,manual
LRND US,Thematic,1,manual
CNBS US,Thematic,1,manual
TCAI US,Thematic,1,manual
DRGN US,Thematic,1,manual
JHAI US,Thematic,1,manual
DTRE US,Thematic,1,manual
PBOT US,Thematic,1,manual
XDEF US,Thematic,1,manual
EPAI US,Thematic,1,manual
GDFN US,Thematic,1,manual
CABZ US,Thematic,1,manual
MARS US,Thematic,1,manual
ACYN US,CC,1,manual
NVIT US,CC,1,manual
MINY US,CC,1,manual
MSST US,CC,1,manual
TEST US,CC,1,manual
TSUI US,Crypto,1,manual
TDOT US,Crypto,1,manual
GLDB US,Crypto,1,manual
BCOR US,Crypto,1,manual
XXX US,Crypto,1,manual
SSS US,Crypto,1,manual
EEE US,Crypto,1,manual
DDFM US,Defined,1,manual
DDTM US,Defined,1,manual
GLDN US,CC,1,manual
ISSB US,CC,1,manual
KSLV US,CC,1,manual
KYLD US,CC,1,manual
MAGO US,CC,1,manual
MEMY US,CC,1,manual
NEHI US,CC,1,manual
NLSI US,CC,1,manual
OEI US,CC,1,manual
PLGI US,CC,1,manual
SLVX US,CC,1,manual
TPAY US,CC,1,manual
XBCI US,CC,1,manual
XQQI US,CC,1,manual
ISBG US,CC,1,manual
TEMP US,Thematic,1,manual
JEDI US,Thematic,1,manual
DADS US,Thematic,1,manual
FEPI LN,CC,1,manual
FEGI LN,CC,1,manual
CEGI LN,CC,1,manual
ORO US,Crypto,1,atlas
HOLD US,LI,1,atlas
FIEGF US,LI,1,atlas
LQPE US,LI,1,atlas
QTAC US,LI,1,atlas
1938071D US,LI,1,atlas
GASX US,LI,1,atlas
EVIX US,LI,1,atlas
AAVX US,LI,1,atlas
WDRW US,LI,1,atlas
CLDS US,LI,1,atlas
MIDZ US,LI,1,atlas
GDXX US,LI,1,atlas
DXO US,LI,1,atlas
PFES US,LI,1,atlas
UMX US,LI,1,atlas
DPK US,LI,1,atlas
SOP US,LI,1,atlas
ZIVZF US,LI,1,atlas
2550752D US,LI,1,atlas
EUXL US,LI,1,atlas
FINZ US,LI,1,atlas
USOU US,LI,1,atlas
HAKK US,LI,1,atlas
MJIN US,LI,1,atlas
RUSS US,LI,1,atlas
SWAR US,LI,1,atlas
CRYP US,Crypto,1,atlas
FNTC US,LI,1,atlas
SCOM US,LI,1,atlas
ARKZ US,Crypto,1,atlas
IGU US,LI,1,atlas
DFVS US,LI,1,atlas
2550705D US,LI,1,atlas
RSU US,LI,1,atlas
MFLAF US,LI,1,atlas
GDJJ US,LI,1,atlas
BXUC US,LI,1,atlas
DOZR US,LI,1,atlas
UCD US,LI,1,atlas
UXJ US,LI,1,atlas
NKEQ US,LI,1,atlas
XCOM US,LI,1,atlas
UGLDF US,LI,1,atlas
ARKA US,Crypto,1,atlas
LLEM US,LI,1,atlas
XDOC US,Defined,1,atlas
LBJ US,LI,1,atlas
FSU US,LI,1,atlas
PYPS US,LI,1,atlas
HBU US,LI,1,atlas
1555944D US,LI,1,atlas
2469700D US,LI,1,atlas
SINV US,LI,1,atlas
QQQW US,LI,1,atlas
EUFX US,LI,1,atlas
XDJL US,Defined,1,atlas
2602911D US,LI,1,atlas
SPYB US,LI,1,atlas
SYTL US,LI,1,atlas
ERYY US,LI,1,atlas
OCTD US,Defined,1,atlas
SOXM US,LI,1,atlas
SJL US,LI,1,atlas
SOXW US,LI,1,atlas
CROC US,LI,1,atlas
KRS US,LI,1,atlas
HOCT US,Defined,1,atlas
TAWK US,LI,1,atlas
TIPL US,LI,1,atlas
SFLAF US,LI,1,atlas
AWYX US,LI,1,atlas
OCTQ US,Defined,1,atlas
TLTM US,LI,1,atlas
SWEB US,LI,1,atlas
JULD US,Defined,1,atlas
EVEN US,LI,1,atlas
TLTQ US,LI,1,atlas
2369112D US,LI,1,atlas
FLAT US,LI,1,atlas
HJUL US,Defined,1,atlas
TWQ US,LI,1,atlas
SJH US,LI,1,atlas
HDGI US,LI,1,atlas
SDK US,LI,1,atlas
JULQ US,Defined,1,atlas
1534558D US,LI,1,atlas
APRD US,Defined,1,atlas
HAPR US,Defined,1,atlas
2572986D US,LI,1,atlas
XBTF US,Crypto,1,atlas
XDAP US,Defined,1,atlas
FINF US,LI,1,atlas
SBM US,LI,1,atlas
SFK US,LI,1,atlas
JAND US,Defined,1,atlas
JANQ US,Defined,1,atlas
SINF US,LI,1,atlas
SJF US,LI,1,atlas
RTLAF US,LI,1,atlas
KORZ US,LI,1,atlas
DSLVF US,LI,1,atlas
UKW US,LI,1,atlas
UKF US,LI,1,atlas
UVG US,LI,1,atlas
UINF US,LI,1,atlas
LLDM US,LI,1,atlas
EFUT US,Crypto,1,atlas
MNM US,LI,1,atlas
UVU US,LI,1,atlas
XXVFF US,LI,1,atlas
AGLS US,LI,1,atlas
2587952D US,LI,1,atlas
SAGG US,LI,1,atlas
UWC US,LI,1,atlas
JPNS US,LI,1,atlas
WYDE US,LI,1,atlas
BRKY US,LI,1,atlas
UKK US,LI,1,atlas
MDLL US,LI,1,atlas
TLL US,LI,1,atlas
CHAD US,LI,1,atlas
TBZ US,LI,1,atlas
UVT US,LI,1,atlas
NEED US,LI,1,atlas
TYNS US,LI,1,atlas
WEIX US,LI,1,atlas
TOTS US,LI,1,atlas
FSE US,LI,1,atlas
HEGE US,LI,1,atlas
TPS US,LI,1,atlas
GDAY US,LI,1,atlas
SJIM US,LI,1,atlas
ROLAF US,LI,1,atlas
2217287D US,LI,1,atlas
TVIZ US,LI,1,atlas
FAZZ US,LI,1,atlas
IGS US,LI,1,atlas
ARKC US,Crypto,1,atlas
PPDM US,LI,1,atlas
PILS US,LI,1,atlas
FIYY US,LI,1,atlas
HAKD US,LI,1,atlas
FFEU US,LI,1,atlas
2165355D US,LI,1,atlas
2261682D US,LI,1,atlas
TECZ US,LI,1,atlas
AMDS US,LI,1,atlas
PPMC US,LI,1,atlas
KRU US,LI,1,atlas
DGLDF US,LI,1,atlas
RSW US,LI,1,atlas
DNO US,LI,1,atlas
2572987D US,LI,1,atlas
EMBU US,LI,1,atlas
1449312D US,LI,1,atlas
HYDD US,LI,1,atlas
JPNL US,LI,1,atlas
ARKY US,Crypto,1,atlas
ONG US,LI,1,atlas
TYBS US,LI,1,atlas
EUFS US,LI,1,atlas
NKEL US,LI,1,atlas
PYPT US,LI,1,atlas
HBZ US,LI,1,atlas
2584019D US,LI,1,atlas
FNGA US,LI,1,atlas
2224616D US,LI,1,atlas
PPSC US,LI,1,atlas
2550753D US,LI,1,atlas
KLNE US,LI,1,atlas
DDG US,LI,1,atlas
SILX US,LI,1,atlas
SOGU US,LI,1,atlas
USLVF US,LI,1,atlas
MATL US,LI,1,atlas
EMLBF US,LI,1,atlas
LABS US,LI,1,atlas
2470304D US,LI,1,atlas
BRZS US,LI,1,atlas
DTUS US,LI,1,atlas
DZK US,LI,1,atlas
2550723D US,LI,1,atlas
YCOM US,LI,1,atlas
PFEL US,LI,1,atlas
SICK US,LI,1,atlas
SMK US,LI,1,atlas
UBIO US,LI,1,atlas
UOP US,LI,1,atlas
2224615D US,LI,1,atlas
LACK US,LI,1,atlas
GDXS US,LI,1,atlas
TENG US,LI,1,atlas
2560936D US,LI,1,atlas
CLAW US,LI,1,atlas
UCOM US,LI,1,atlas
EUFL US,LI,1,atlas
MUTE US,LI,1,atlas
FOL US,LI,1,atlas
PASS US,LI,1,atlas
FSG US,LI,1,atlas
FSA US,LI,1,atlas
USOD US,LI,1,atlas
1848835D US,LI,1,atlas
SPKY US,LI,1,atlas
EXIV US,LI,1,atlas
MJXL US,LI,1,atlas
VXDN US,LI,1,atlas
RUSL US,LI,1,atlas
GDJS US,LI,1,atlas
VMIN US,LI,1,atlas
XIV US,LI,1,atlas
1938070D US,LI,1,atlas
GASL US,LI,1,atlas
VXDL US,LI,1,atlas
VXAL US,LI,1,atlas
1551474D US,LI,1,atlas
DMM US,LI,1,atlas
UMM US,LI,1,atlas
BARS US,LI,1,atlas
UTLZ US,LI,1,atlas
SPLZ US,LI,1,atlas
EX US,Crypto,1,atlas
LGS US,LI,1,atlas
SGS US,LI,1,atlas
LJPM US,LI,1,atlas
UGOO US,LI,1,atlas
SXOM US,LI,1,atlas
DGOO US,LI,1,atlas
SJPM US,LI,1,atlas
LXOM US,LI,1,atlas
BETX US,LI,1,atlas
FBFB US,LI,1,atlas
PPTB US,LI,1,atlas
2362244D US,LI,1,atlas
MAGQ US,LI,1,atlas
VXBL US,LI,1,atlas
OETH US,Crypto,1,atlas
1370035D US,LI,1,atlas
VXCL US,LI,1,atlas
GOS US,LI,1,atlas
OOL US,LI,1,atlas
OTS US,LI,1,atlas
GTL US,LI,1,atlas
OOS US,LI,1,atlas
GWS US,LI,1,atlas
BTYS US,LI,1,atlas
FIHQ US,LI,1,atlas
PBTC US,Crypto,1,atlas
MRVX US,LI,1,atlas
SPXB US,Crypto,1,atlas
RDDX US,LI,1,atlas
ARMX US,LI,1,atlas
SOFL US,LI,1,atlas
UBEG US,LI,1,atlas
BBUP US,LI,1,atlas
SPOU US,LI,1,atlas
FIGO US,LI,1,atlas
VXFL US,LI,1,atlas
TKNS US,Crypto,1,atlas
XRPL US,Crypto,1,atlas
CXSO US,Crypto,1,atlas
EOSX US,LI,1,atlas
HIMD US,LI,1,atlas
BNBR US,Crypto,1,atlas
YTSM US,Crypto,1,atlas
BTQL US,LI,1,atlas
BITG US,LI,1,atlas
POEL US,LI,1,atlas
TXXH US,Crypto,1,atlas
XBNB US,Crypto,1,atlas
BHDG US,Crypto,1,atlas
NGHT US,Crypto,1,atlas
BTCK US,Crypto,1,atlas
2633034D US,LI,1,atlas
BAVA US,Crypto,1,atlas
SNDU US,LI,1,atlas
WLDU US,LI,1,atlas
PAAU US,LI,1,atlas
GLWG US,LI,1,atlas
ETHB US,Crypto,1,atlas
ROCY US,CC,1,atlas
ROCQ US,CC,1,atlas
AIVI US,Thematic,1,atlas
AIVL US,Thematic,1,atlas
WRND US,Thematic,1,atlas
AIEQ US,Thematic,1,atlas
GGTL US,Thematic,1,atlas
LFSC US,Thematic,1,atlas
QQJG US,Thematic,1,atlas
FDIF US,Thematic,1,atlas
ALAI US,Thematic,1,atlas
THMZ US,Thematic,1,atlas
TEKY US,Thematic,1,atlas
BUZZ US,Thematic,1,atlas
IZRL US,Thematic,1,atlas
FBDC US,CC,1,atlas
INVN US,Thematic,1,atlas
DRUP US,Thematic,1,atlas
OWNB US,Crypto,1,atlas
TNXT US,Thematic,1,atlas
DAM US,Crypto,1,atlas
GFOF US,Crypto,1,atlas
TTTN US,Thematic,1,atlas
NFTZ US,Crypto,1,atlas
2618828D US,Crypto,1,atlas
VIDG US,Thematic,1,atlas
1787736D US,Thematic,1,atlas
LGLZ US,Thematic,1,atlas
GRZZ US,Thematic,1,atlas
FINQ US,Thematic,1,atlas
INNO US,Thematic,1,atlas
MTVR US,Thematic,1,atlas
MRND US,Thematic,1,atlas
ZGEN US,Thematic,1,atlas
BCNA US,Crypto,1,atlas
RAYS US,Thematic,1,atlas
BUZ US,Thematic,1,atlas
BKIV US,Thematic,1,atlas
BKC US,Crypto,1,atlas
BTCR US,Crypto,1,atlas
SYNB US,Thematic,1,atlas
KOIN US,Crypto,1,atlas
PUNK US,Thematic,1,atlas
WBAT US,Thematic,1,atlas
FYLG US,CC,1,atlas
HYLG US,CC,1,atlas
ROOF US,Thematic,1,atlas
PQBW US,CC,1,atlas
QYLE US,CC,1,atlas
QDCC US,CC,1,atlas
XYLE US,CC,1,atlas
EMFQ US,Thematic,1,atlas
HVPW US,CC,1,atlas
NVQ US,Thematic,1,atlas
EMCC US,CC,1,atlas
RIGZ US,Crypto,1,atlas
EKAR US,Thematic,1,atlas
THCX US,Thematic,1,atlas
VR US,Thematic,1,atlas
VCLO US,Thematic,1,atlas
GCLN US,Thematic,1,atlas
HFIN US,CC,1,atlas
DYNI US,Thematic,1,atlas
KGRO US,Thematic,1,atlas
EATV US,Thematic,1,atlas
KEJI US,Thematic,1,atlas
ERSX US,Thematic,1,atlas
POTX US,Thematic,1,atlas
DIET US,Thematic,1,atlas
1947805D US,Thematic,1,atlas
CHB US,Thematic,1,atlas
2512317D US,Thematic,1,atlas
HDRO US,Thematic,1,atlas
BUDX US,Thematic,1,atlas
SPAK US,Thematic,1,atlas
CHRG US,Thematic,1,atlas
PSDN US,Thematic,1,atlas
PSY US,Thematic,1,atlas
VBB US,Crypto,1,atlas
VFIN US,Thematic,1,atlas
LZRD US,Thematic,1,atlas
DISY US,CC,1,atlas
XOMY US,CC,1,atlas
JPMY US,CC,1,atlas
TWAR US,Thematic,1,atlas
1903057D US,Thematic,1,atlas
BLOC US,Crypto,1,atlas
TCLD US,Thematic,1,atlas
INAU US,Thematic,1,atlas
INAG US,Thematic,1,atlas
BFIIX US,Thematic,1,atlas
DDDD US,CC,1,atlas
NVDK US,CC,1,atlas
TSLK US,CC,1,atlas
ZZZ US,Crypto,1,atlas
SPCI US,Thematic,1,atlas
NASA US,Thematic,1,atlas
TLDR US,Defined,1,atlas
AAOX US,LI,1,atlas
PYPU US,LI,1,atlas
ADBU US,LI,1,atlas
TXNU US,LI,1,atlas
UNHU US,LI,1,atlas
HLXX US,LI,1,atlas
AMZO US,LI,1,atlas
IBX US,LI,1,atlas
OOQB US,LI,1,auto
OOSB US,LI,1,auto
ACEI US,Defined,1,auto
ACII US,Defined,1,auto
QBUL US,Defined,1,auto
SPYH US,Defined,1,auto
BITQ US,Crypto,1,auto
CRPT US,Crypto,1,auto
DECO US,Crypto,1,auto
FDIG US,Crypto,1,auto
HECO US,Crypto,1,auto
NODE US,Crypto,1,auto
SATO US,Crypto,1,auto
STCE US,Crypto,1,auto
WGMI US,Crypto,1,auto
KQQQ US,Thematic,1,auto
NDIV US,CC,1,auto
TESL US,Thematic,1,auto
