ticker,rex_suite
TSLT US,T-REX
TSLZ US,T-REX
NVDX US,T-REX
NVDQ US,T-REX
GOOX US,T-REX
AAPX US,T-REX
MSFX US,T-REX
BTCZ US,T-REX
BTCL US,T-REX
MSTZ US,T-REX
MSTU US,T-REX
NFLU US,T-REX
ETQ US,T-REX
ETU US,T-REX
ROBN US,T-REX
ARMU US,T-REX
DJTU US,T-REX
RBLU US,T-REX
GMEU US,T-REX
SNOU US,T-REX
CRWU US,T-REX
SMUP US,T-REX
BULU US,T-REX
DKUP US,T-REX
GLXU US,T-REX
CCUP US,T-REX
KTUP US,T-REX
AFRU US,T-REX
AXUP US,T-REX
TTDU US,T-REX
PXIU US,T-REX
BKNU US,T-REX
CRCD US,T-REX
CORD US,T-REX
BMNU US,T-REX
SBTU US,T-REX
CIFU US,T-REX
XRPK US,T-REX
SOLX US,T-REX
EOSU US,T-REX
RDWU US,T-REX
FGRU US,T-REX
APHU US,T-REX
FNGU US,MicroSectors
GDXU US,MicroSectors
BULZ US,MicroSectors
FNGS US,MicroSectors
FNGO US,MicroSectors
SHNY US,MicroSectors
FNGD US,MicroSectors
GDXD US,MicroSectors
OILU US,MicroSectors
NRGU US,MicroSectors
WTIU US,MicroSectors
BERZ US,MicroSectors
DULL US,MicroSectors
FLYU US,MicroSectors
WTID US,MicroSectors
FLYD US,MicroSectors
NRGD US,MicroSectors
BNKD US,MicroSectors
OILD US,MicroSectors
BNKU US,MicroSectors
SSK US,Crypto
ESK US,Crypto
DOJE US,Crypto
XRPR US,Crypto
OBTC US,Crypto
FEPI US,Equity Premium Income
CEPI US,Equity Premium Income
AIPI US,Equity Premium Income
NVII US,Growth & Income
COII US,Growth & Income
MSII US,Growth & Income
TSII US,Growth & Income
CWII US,Growth & Income
HOII US,Growth & Income
LLII US,Growth & Income
PLTI US,Growth & Income
WMTI US,Growth & Income
GIF US,Growth & Income
ULTI US,IncomeMax
ATCL US,Autocallable
TLDR US,T-Bill
DRNZ US,DRNZ
BMAX US,Thematic
FEPI LN,London
FEGI LN,London
CEGI LN,London
