ticker,fund_name,etp_category,current_issuer,suggested_brand
497780 KS,SAMSUNGACTIVE KOACT US NATURAL GAS INFRASTRUCTURE ACTIVE ETF,,Samsung Asset Management Co Lt,
AAA US,ALTERNATIVE ACCESS FIRST PRIORITY CLO BOND ETF,,Investment Managers Series Tru,
AAUM US,TEMA ALTERNATIVE ASSET MANAGERS ETF,,Tema ETF Trust,
ABCS US,ALPHA BLUE CAPITAL US SMALL-MID CAP DYNAMIC ETF,,EA Series Trust,
ABEQ US,ABSOLUTE SELECT VALUE ETF,,Unified Series Trust/Absolute,
ABFL US,ABACUS FCF LEADERS ETF,,Abacus FCF ETFs/USA,
ABIG US,ARGENT LARGE CAP ETF,,EA Series Trust,
ABLG US,ABACUS FCF INTERNATIONAL LEADERS ETF,,Abacus FCF ETF Trust,
ABLS US,ABACUS FCF SMALL CAP LEADERS ETF,,Abacus FCF ETFs/USA,
ABXB US,ABACUS FLEXIBLE BOND LEADERS ETF,,Abacus FCF ETFs/USA,
ACEP US,ARS CORE EQUITY PORTFOLIO ETF,,EA Series Trust/Empowered Fund,
ACSI US,AMERICAN CUSTOMER SATISFACTION ETF,,Tidal Trust I,
ACTS US,FIS TACTICAL EQUITY ETF,,FIS Trust,
ACVF US,AMERICAN CONSERVATIVE VALUES ETF,,ETF Opportunities Trust/Ridgel,
ACVT US,ADVENT CONVERTIBLE BOND ETF,,RBB Fund Trust/The,
ADFI US,ANFIELD DYNAMIC FIXED INCOME ETF,,Two Roads Shared Trust/Anfield,
ADIV US,GUINNESS ATKINSON ASIA PACIFIC DIVIDEND BUILDER ETF,,Guinness Atkinson Funds,
AEMS US,ANFIELD ENHANCED MARKET ETF,,Two Roads Shared Trust/Anfield,
AESR US,ANFIELD US EQUITY SECTOR ROTATION ETF,,Two Roads Shared Trust/Anfield,
AFIF US,ANFIELD UNIVERSAL FIXED INCOME ETF,,Two Roads Shared Trust/Anfield,
AFIX US,ALLSPRING BROAD MARKET CORE BOND ETF,,Allspring Funds Management LLC,
AFOS US,ARS FOCUSED OPPORTUNITIES STRATEGY ETF,,EA Series Trust/Empowered Fund,
AGFXF US,DB AGRICULTURE LONG EXCHANGE TRADED NOTES,,DB ETNs/USA,
AGGA US,EA ASTORIA DYNAMIC CORE US FIXED INCOME ETF,,EA Series Trust,
AGGZ US,TWIN OAK ENHANCED FIXED INCOME ETF,,Twin Oak ETF Co/USA,
AGIQ US,SOFI AGENTIC AI ETF,,Tidal Trust I,
AGOX US,ADAPTIVE ALPHA OPPORTUNITIES ETF,,Starboard Investment Trust,
AGRW US,ALLSPRING LT LARGE GROWTH ETF,,Allspring Funds Management LLC,
AIMS US,ACUITAS SMALL CAP ACTIVE ETF,,Series Portfolios Trust/Acuita,
AINP US,ALLSPRING INCOME PLUS ETF,,Allspring Funds Management LLC,
AINT US,FINQ DOLLAR NEUTRAL US LARGE CAP AI-MANAGED EQUITY ETF,,Tidal Trust I,
AIUP US,FINQ FIRST US LARGE CAP AI-MANAGED EQUITY ETF,,Tidal Trust I,
AKAF US,THE FRONTIER ECONOMIC FUND,,ETF Series Solutions,
AKRE US,AKRE FOCUS ETF,,Professionally Managed Portfol,
ALIL US,ARGENT FOCUSED SMALL CAP ETF,,EA Series Trust,
ALRG US,ALLSPRING LT LARGE CORE ETF,,Allspring Funds Management LLC,
AMAX US,ADAPTIVE HEDGED MULTI-ASSET INCOME ETF,,Starboard Investment Trust,
AMID US,ARGENT MID CAP ETF,,EA Series Trust,
AMJB US,ALERIAN MLP INDEX ETNS DUE JANUARY 28 2044,,JP Morgan ETNs/USA,
AMLP US,ALERIAN MLP ETF,,ALPS ETF Trust,
AMOM US,QRAFT AI-ENHANCED US LARGE CAP MOMENTUM ETF,,Exchange Listed Funds Trust,
AMZA US,INFRACAP MLP ETF,,ETFis Series Trust I/Virtus ET,
AOHY US,ANGEL OAK HIGH YIELD OPPORTUNITIES ETF,,Angel Oak Funds Trust,
AOTS US,AOT SOFTWARE PLATFORM ETF,,EA Series Trust,
APCB US,ACTIVEPASSIVE CORE BOND ETF,,Trust For Professional Manager,
APIE US,ACTIVEPASSIVE INTERNATIONAL EQUITY ETF,,Trust For Professional Manager,
APLU US,ALLSPRING CORE PLUS ETF,,Allspring Funds Management LLC,
APMU US,ACTIVEPASSIVE INTERMEDIATE MUNICIPAL BOND ETF,,Trust For Professional Manager,
APUE US,ACTIVEPASSIVE US EQUITY ETF,,Trust For Professional Manager,
AQEC US,AQE CORE ETF,,ETF Opportunities Trust/Arling,
ARB US,ALTSHARES MERGER ARBITRAGE ETF,,AltShares Trust,
ARCM US,ARROW RESERVE CAPITAL MANAGEMENT ETF,,Arrow Investments Trust,
ARMH US,ARM HOLDINGS PLC ADRHEDGED,,Precidian ETFs Trust,
ARMY US,TEMA INTERNATIONAL DEFENSE ETF,,Tema ETF Trust,
ARP US,PMV ADAPTIVE RISK PARITY ETF,,Advisors' Inner Circle Fund II,
ARWG US,ARCHER GROWTH ETF,,Archer Investment Series Trust,
ASCE US,ALLSPRING SMID CORE ETF,,Allspring Funds Management LLC,
ASLV US,ALLSPRING SPECIAL LARGE VALUE ETF,,Allspring Funds Management LLC,
ASMH US,ASML HOLDING NV ADRHEDGED TM,,Precidian ETFs Trust,
ATFV US,ALGER 35 ETF,,Alger ETF Trust/The,
ATTR US,ARIN TACTICAL TAIL RISK ETF,,EA Series Trust,
AUSM US,ALLSPRING ULTRA SHORT MUNICIPAL ETF,,Allspring Funds Management LLC,
AVOS US,AVOS GLOBAL EQUITIES ETF,,EA Series Trust,
AVRY US,AVORY FOUNDATIONAL ETF,,EA Series Trust,
AZTD US,AZTLAN GLOBAL STOCK SELECTION DM SMID ETF,,Tidal Trust I,
BAFE US,BROWN ADVISORY FLEXIBLE EQUITY ETF,,Advisors' Inner Circle Fund II,
BAIV US,BROWN ADVISORY INTERNATIONAL VALUE SELECT ETF,,Advisors' Inner Circle Fund II,
BAMA US,BROOKSTONE ACTIVE ETF,,Northern Lights Fund Trust IV/,
BAMB US,BROOKSTONE INTERMEDIATE BOND ETF,,Northern Lights Fund Trust IV/,
BAMD US,BROOKSTONE DIVIDEND STOCK ETF,,Northern Lights Fund Trust IV/,
BAMG US,BROOKSTONE GROWTH STOCK ETF,,Northern Lights Fund Trust IV/,
BAMO US,BROOKSTONE OPPORTUNITIES ETF,,Northern Lights Fund Trust IV/,
BAMU US,BROOKSTONE ULTRA-SHORT BOND ETF,,Northern Lights Fund Trust IV/,
BAMV US,BROOKSTONE VALUE STOCK ETF,,Northern Lights Fund Trust IV/,
BAMY US,BROOKSTONE YIELD ETF,,Northern Lights Fund Trust IV/,
BASG US,BROWN ADVISORY SUSTAINABLE GROWTH ETF,,Advisors' Inner Circle Fund II,
BASV US,BROWN ADVISORY SUSTAINABLE VALUE ETF,,Advisors' Inner Circle Fund II,
BBHL US,BBH SELECT LARGE CAP ETF,,BBH Trust,
BBHM US,BBH SELECT MID CAP ETF,,BBH Trust,
BBLU US,EA BRIDGEWAY BLUE CHIP ETF,,EA Series Trust,
BCGS US,BANCREEK GLOBAL SELECT ETF,,Exchange Listed Funds Trust,
BCHP US,PRINCIPAL FOCUSED BLUE CHIP ETF,,Principal Exchange-Traded Fund,
BCIL US,BANCREEK INTERNATIONAL LARGE CAP ETF,,Exchange Listed Funds Trust,
BCKT US,LIFEX 2030 INCOME BUCKET ETF,,Stone Ridge Trust,
BCUS US,BANCREEK US LARGE CAP ETF,,Exchange Listed Funds Trust,
BDBT US,BLUEMONTE CORE BOND ETF,,Exchange-Traded Concepts ETFs/,
BDGS US,BRIDGES CAPITAL TACTICAL ETF,,Three Bridges Capital LP/USA,
BDIV US,AAM BRENTVIEW DIVIDEND GROWTH ETF,,ETF Series Solutions,
BDRY US,BREAKWAVE DRY BULK SHIPPING ETF,,Amplify Commodity Trust,
BDVG US,IMGP BERKSHIRE DIVIDEND GROWTH ETF,,Litman Gregory Funds Trust,
BEEX US,THE BEEHIVE ETF,,Tidal Trust III,
BEEZ US,HONEYTREE US EQUITY ETF,,EA Series Trust,
BESF US,BASTION ENERGY ETF,,EA Series Trust,
BESO US,GSR CRYPTO CORE3 ETF,,ETF Opportunities Trust/Framew,
BFIX US,BUILD BOND INNOVATION ETF,,Build Funds Trust,
BFOR US,BARRON'S 400 ETF,,ALPS ETF Trust,
BGDV US,BAHL & GAYNOR DIVIDEND ETF,,ETF Series Solutions/Bahl & Ga,
BGIG US,BAHL & GAYNOR INCOME GROWTH ETF,,ETF Series Solutions/Bahl & Ga,
BINT US,BLUEMONTE GLOBAL EQUITY ETF,,Exchange-Traded Concepts ETFs/,
BINV US,BRANDES INTERNATIONAL ETF,,Brandes Funds/USA,
BLDX US,IMPAX GLOBAL INFRASTRUCTURE ETF,,Impax Funds Series Trust I,
BLGR US,BLUEMONTE LARGE CAP GROWTH ETF,,Exchange-Traded Concepts ETFs/,
BLST US,BLUEMONTE SHORT TERM BOND ETF,,Exchange-Traded Concepts ETFs/,
BLTD US,BLUEMONTE LONG TERM BOND ETF,,Exchange-Traded Concepts ETFs/,
BLUC US,BLUEMONTE LARGE CAP CORE ETF,,Exchange-Traded Concepts ETFs/,
BLUI US,BLUEMONTE DIVERSIFIED INCOME ETF,,Exchange-Traded Concepts ETFs/,
BLUX US,BLUEMONTE DYNAMIC TOTAL MARKET ETF,,Exchange-Traded Concepts ETFs/,
BNDD US,QUADRATIC DEFLATION ETF,,KraneShares Trust,
BNDS US,INFRASTRUCTURE CAPITAL BOND INCOME ETF,,Series Portfolio Trust/Infrast,
BNO US,UNITED STATES BRENT OIL FUND LP,,United States Commodities ETFs,
BOBP US,CORE16 BEST OF BREED PREMIER INDEX ETF,,Exchange-Traded Concepts ETFs/,
BOUT US,CAPFORCE IBD BREAKOUT OPPORTUNITIES ETF,,Capital-Force ETF Trust,
BPH US,BP P.L.C. ADRHEDGED,,Precidian ETFs Trust,
BRES US,BURNEY US EQUITY SELECT ETF,,EA Series Trust,
BRIB US,FIS BRIGHT PORTFOLIOS CORE BOND ETF,,FIS Trust,
BRIF US,FIS BRIGHT PORTFOLIOS FOCUSED EQUITY ETF,,FIS Trust,
BRNY US,BURNEY US FACTOR ROTATION ETF,,EA Series Trust,
BSMC US,BRANDES U.S. SMALL-MID CAP VALUE ETF,,Brandes Funds/USA,
BSR US,BEACON SELECTIVE RISK ETF,,Northern Lights Fund Trust II/,
BSVO US,EA BRIDGEWAY OMNI SMALL-CAP VALUE ETF,,EA Series Trust,
BTAL US,AGF US MARKET NEUTRAL ANTI-BETA FUND,,AGF Investments Trust,
BTR US,BEACON TACTICAL RISK ETF,,Northern Lights Fund Trust II/,
BUDH US,ANHEUSER-BUSCH INBEV SA/NV ADRHEDGED,,Precidian ETFs Trust,
BUSA US,BRANDES U.S. VALUE ETF,,Brandes Funds/USA,
BVAL US,BLUEMONTE LARGE CAP VALUE ETF,,Exchange-Traded Concepts ETFs/,
BWET US,BREAKWAVE TANKER SHIPPING ETF,,Amplify Commodity Trust,
BWTG US,BRENDAN WOOD TOPGUN ETF,,ETF Opportunities Trust/Tuttle,
BYRE US,PRINCIPAL REAL ESTATE ACTIVE OPPORTUNITIES ETF,,Principal Exchange-Traded Fund,
CAFX US,CONGRESS INTERMEDIATE BOND ETF,,Professionally Managed Portfol,
CAML US,CONGRESS LARGE CAP GROWTH ETF,,Professionally Managed Portfol,
CAMX US,CAMBIAR AGGRESSIVE VALUE ETF,,Advisors' Inner Circle Fund/Ca,
CARK US,CASTLEARK LARGE GROWTH ETF,,Advisors' Inner Circle Fund II,
CARY US,ANGEL OAK INCOME ETF,,Angel Oak Funds Trust,
CBLS US,CLOUGH HEDGED EQUITY ETF,,Elevation Series Trust/Clough,
CBSE US,CLOUGH SELECT EQUITY ETF,,Elevation Series Trust/Clough,
CCFE US,CONCOURSE CAPITAL FOCUSED EQUITY ETF,,EA Series Trust,
CCOR US,CORE ALTERNATIVE ETF,,Listed Funds Trust,
CCSB US,CARBON COLLECTIVE SHORT DURATION GREEN BOND ETF,,Tidal Trust II,
CDEI US,CALVERT US LARGE-CAP DIVERSITY EQUITY AND INCLUSION INDEX ETF,,Morgan Stanley Etf Trust,
CDIG US,CITY DIFFERENT INVESTMENTS GLOBAL EQUITY ETF,,EA Series Trust,
CEFS US,SABA CLOSED-END FUNDS ETF,,Exchange-Traded Concepts ETFs/,
CEFZ US,RIVERNORTH ACTIVE INCOME ETF,,Elevation Series Trust,
CGBL US,CAPITAL GROUP CORE BALANCED ETF,,Capital Group/ETFs,
CGCB US,CAPITAL GROUP CORE BOND ETF,,Capital Group Fixed Income ETF,
CGCP US,CAPITAL GROUP CORE PLUS INCOME ETF,,Capital Group Fixed Income ETF,
CGCV US,CAPITAL GROUP CONSERVATIVE EQUITY ETF,,Capital Group/ETFs,
CGDG US,CAPITAL GROUP DIVIDEND GROWERS ETF,,Capital Group/ETFs,
CGDV US,CAPITAL GROUP DIVIDEND VALUE ETF,,Capital Group/ETFs,
CGGE US,CAPITAL GROUP GLOBAL EQUITY ETF,,Capital Group/ETFs,
CGGG US,CAPITAL GROUP LARGE GROWTH ETF,,Capital Group Equity Etf Trust,
CGGO US,CAPITAL GROUP GLOBAL GROWTH EQUITY ETF,,Capital Group/ETFs,
CGGR US,CAPITAL GROUP GROWTH ETF,,Capital Group/ETFs,
CGHM US,CAPITAL GROUP MUNICIPAL HIGH-INCOME ETF,,Capital Group Fixed Income ETF,
CGHY US,CAPITAL GROUP HIGH YIELD BOND ETF,,Capital Group Fixed Income ETF,
CGIB US,CAPITAL GROUP INTERNATIONAL BOND ETF USD-HEDGED,,Capital Group Fixed Income ETF,
CGIC US,CAPITAL GROUP INTERNATIONAL CORE EQUITY ETF,,Capital Group/ETFs,
CGIE US,CAPITAL GROUP INTERNATIONAL EQUITY ETF,,Capital Group/ETFs,
CGMM US,CAPITAL GROUP US SMALL AND MID CAP ETF,,Capital Group Equity Etf Trust,
CGMS US,CAPITAL GROUP US MULTI-SECTOR INCOME ETF,,Capital Group Fixed Income ETF,
CGMU US,CAPITAL GROUP MUNICIPAL INCOME ETF,,Capital Group Fixed Income ETF,
CGNG US,CAPITAL GROUP NEW GEOGRAPHY EQUITY ETF,,Capital Group/ETFs,
CGRO US,COREVALUES ALPHA GREATER CHINA GROWTH ETF,,Tidal Trust II,
CGSD US,CAPITAL GROUP SHORT DURATION INCOME ETF,,Capital Group Fixed Income ETF,
CGSM US,CAPITAL GROUP SHORT DURATION MUNICIPAL INCOME ETF,,Capital Group Fixed Income ETF,
CGUI US,CAPITAL GROUP ULTRA SHORT INCOME ETF,,Capital Group Fixed Income ETF,
CGUS US,CAPITAL GROUP CORE EQUITY ETF,,Capital Group/ETFs,
CGV US,CONDUCTOR GLOBAL EQUITY VALUE ETF,,Two Roads Shared Trust/IronHor,
CGVV US,CAPITAL GROUP LARGE VALUE ETF,,Capital Group Equity Etf Trust,
CGXU US,CAPITAL GROUP INTERNATIONAL FOCUS EQUITY ETF,,Capital Group/ETFs,
CLCG US,CROSSMARK LARGE CAP GROWTH ETF,,Crossmark ETF Trust,
CLCV US,CROSSMARK LARGE CAP VALUE ETF,,Crossmark ETF Trust,
CLIM US,CLIMATE GLOBAL-CLIMATE RESILIENT REIT INDEX ETF,,Exchange Listed Funds Trust,
CLOC US,AAM CRESCENT CLO ETF,,ETF Series Solutions/Advisors,
CLOX US,ELDRIDGE AAA CLO ETF,,Series Portfolio Trust/Eldridg,
CLOZ US,ELDRIDGE BBB-B CLO ETF,,Series Portfolio Trust/Eldridg,
CLSE US,CONVERGENCE LONG/SHORT EQUITY ETF,,Convergence Investment Partner,
CLSM US,EXCHANGE LISTED FUNDS TRUST ETC CABANA TARGET LEADING SECTOR MODERATE ETF,,Exchange Listed Funds Trust,
CMBO US,WAYFINDER DYNAMIC US INTEREST RATE ETF,,RBB Fund Trust/The,
CNAV US,MOHR COMPANY NAV ETF,,Collaborative Investment Serie,
CNEQ US,ALGER CONCENTRATED EQUITY ETF,,Alger ETF Trust/The,
COAL US,RANGE GLOBAL COAL INDEX ETF,,Exchange-Traded Concepts Trust,
CPAG US,F/M COMPOUNDR U.S. AGGREGATE BOND ETF,,RBB ETFs/F/m Investments,
CPAI US,COUNTERPOINT QUANTITATIVE EQUITY ETF,,Northern Lights Fund Trust III,
CPER US,UNITED STATES COPPER INDEX FUND,,United States Commodities ETFs,
CPHY US,F/M COMPOUNDR HIGH YIELD BOND ETF,,RBB ETFs/F/m Investments,
CREF US,WHITEWOLF COMMERCIAL REAL ESTATE FINANCE INCOME ETF,,EA Series Trust,
CSMD US,CONGRESS SMID GROWTH ETF,,Professionally Managed Portfol,
CTEF US,CASTELLAN TARGETED EQUITY ETF,,EA Series Trust,
CTIF US,CASTELLAN TARGETED INCOME ETF,,EA Series Trust,
CTWO US,COTWO ADVISORS PHYSICAL EUROPEAN CARBON ALLOWANCE TRUST,,Cotwo Advisors LLC/The,
CUSD US,CROSSINGBRIDGE ULTRA-SHORT DURATION ETF,,Trust For Professional Manager,
CVAR US,CULTIVAR ETF,,ETF Opportunities Trust/Cultiv,
CVIE US,CALVERT INTERNATIONAL RESPONSIBLE INDEX ETF,,Morgan Stanley Etf Trust,
CVLC US,CALVERT US LARGE-CAP CORE RESPONSIBLE INDEX ETF,,Morgan Stanley Etf Trust,
CVMC US,CALVERT US MID-CAP CORE RESPONSIBLE INDEX ETF,,Morgan Stanley Etf Trust,
CVSB US,CALVERT ULTRA-SHORT INVESTMENT GRADE ETF,,Morgan Stanley Etf Trust,
DAK US,DAKOTA ACTIVE EQUITY ETF,,EA Series Trust,
DANA US,DANA LIMITED VOLATILITY ETF,,Tidal Trust I,
DBMF US,IMGP DBI MANAGED FUTURES STRATEGY ETF,,Litman Gregory Funds Trust,
DDV US,DEFINED DURATION 5 ETF,,EA Series Trust,
DDX US,DEFINED DURATION 10 ETF,,EA Series Trust,
DDXX US,DEFINED DURATION 20 ETF,,EA Series Trust,
DEEP US,ACQUIRERS SMALL AND MICRO DEEP VALUE ETF,,ETF Series Solutions,
DEMZ US,DEMOCRATIC LARGE CAP CORE ETF,,Advisors' Inner Circle Fund II,
DEOH US,DIAGEO PLC ADRHEDGED,,Precidian ETFs Trust,
DFMC US,US MICRO CAP PORTFOLIO ETF,,DFA Investment Dimensions Grou,
DFNL US,DAVIS SELECT FINANCIAL ETF,,Davis Fundamental ETF Trust,
DFTT US,DF TACTICAL 30 ETF,,Northern Lights Fund Trust/Don,
DGS US,WISDOM TREE TRUST - WISDOMTREE EMERGING MARKETS SMALLCAP DIVIDEND FUND,,WisdomTree ETFs/USA,
DHLX US,DIAMOND HILL LARGE CAP CONCENTRATED ETF,,Diamond Hill ETFs/USA,
DINT US,DAVIS SELECT INTERNATIONAL ETF,,Davis Fundamental ETF Trust,
DIVD US,ALTRIUS GLOBAL DIVIDEND ETF,,EA Series Trust,
DIVE US,DANA CONCENTRATED DIVIDEND ETF,,Tidal Trust I,
DIVL US,MADISON DIVIDEND VALUE ETF,,Madison Funds,
DIVP US,CULLEN ENHANCED EQUITY INCOME ETF,,Advisors Inner Circle Fund II/,
DIVS US,GUINNESS ATKINSON DIVIDEND BUILDER ETF,,Guinness Atkinson Funds,
DIVY US,SOUND EQUITY DIVIDEND INCOME ETF,,Tidal Trust I,
DIVZ US,ELEVATION SERIES TRUST - POLEN DIVIDEND INCOME ETF,,Elevation Series Trust,
DRAI US,DRACO EVOLUTION AI ETF,,EA Series Trust,
DSMC US,DISTILLATE SMALL/MID CASH FLOW ETF,,ETF Series Solutions/Distillat,
DSPY US,TEMA S&P 500 HISTORICAL WEIGHT ETF STRATEGY,,Tema ETF Trust,
DSTL US,DISTILLATE US FUNDAMENTAL STABILITY & VALUE ETF,,ETF Series Solutions/Distillat,
DSTX US,DISTILLATE INTERNATIONAL FUNDAMENTAL STABILITY & VALUE ETF,,ETF Series Solutions/Distillat,
DTAN US,SPARKLINE INTERNATIONAL INTANGIBLE VALUE ETF,,EA Series Trust,
DUKH US,OCEAN PARK HIGH INCOME ETF,,Northern Lights Fund Trust/Oce,
DUKQ US,OCEAN PARK DOMESTIC ETF,,Northern Lights Fund Trust/Oce,
DUKX US,OCEAN PARK INTERNATIONAL ETF,,Northern Lights Fund Trust/Oce,
DUKZ US,OCEAN PARK DIVERSIFIED INCOME ETF,,Northern Lights Fund Trust/Oce,
DUNK US,DANA UNCONSTRAINED EQUITY ETF,,Tidal Trust I,
DUSA US,DAVIS SELECT US EQUITY ETF,,Davis Fundamental ETF Trust,
DUTY US,US DEFENSE ETF,,Tidal Trust III,
DVAL US,BRANDYWINEGLOBAL DYNAMIC US LARGE CAP VALUE ETF,,Franklin Templeton ETF Trust,
DVDN US,KINGSBARN DIVIDEND OPPORTUNITY ETF,,ETF Opportunities Trust/Kingsb,
DVGR US,DAC 3D DIVIDEND GROWTH ETF,,EA Series Trust,
DWLD US,DAVIS SELECT WORLDWIDE ETF,,Davis Fundamental ETF Trust,
DYFI US,IDX DYNAMIC FIXED INCOME ETF,,ETF Opportunities Trust/IDX Ad,
DYLD US,LEADERSHARES DYNAMIC YIELD ETF,,Two Roads Shared Trust/Redwood,
DYTA US,SGI DIVERSIFIED TACTICAL FUND/THE,,RBB Fund Inc/Summit Global Inv,
EAGL US,EAGLE CAPITAL SELECT EQUITY ETF,,2023 ETF Series Trust/The,
EASY US,LIBERTY ONE DEFENSIVE DIVIDEND GROWTH ETF,,Two Roads Shared Trust/Liberty,
EBI US,LONGVIEW ADVANTAGE ETF,,RBB Fund Trust/The,
ECML US,EUCLIDEAN FUNDAMENTAL VALUE ETF,,Euclidean Technologies Managem,
EDGF US,3EDGE DYNAMIC FIXED INCOME ETF,,Advisors' Inner Circle Fund II,
EDGH US,3EDGE DYNAMIC HARD ASSETS ETF,,Advisors' Inner Circle Fund II,
EDGI US,3EDGE DYNAMIC INTERNATIONAL EQUITY ETF,,Advisors' Inner Circle Fund II,
EDGU US,3EDGE DYNAMIC US EQUITY ETF,,Advisors' Inner Circle Fund II,
EEEE US,4E QUALITY GROWTH ETF,,Tidal Trust III,
EGGQ US,NESTYIELD VISIONARY ETF,,Tidal Trust III,
EHLS US,EVEN HERD LONG SHORT ETF,,Tidal Trust II,
EIPI US,FT ENERGY INCOME PARTNERS ENHANCED INCOME ETF,,First Trust Exchange-Traded Fu,
EIPX US,FT ENERGY INCOME PARTNERS STRATEGY ETF,,First Trust Exchange-Traded Fu,
ELKD US,ELKHORN FTSE RAFI DEVELOPED EX-U.S. EQUITY INCOME ETF,,Elkhorn ETF Trust,
ELKE US,ELKHORN FTSE RAFI EMERGING EQUITY INCOME ETF,,Elkhorn ETF Trust,
ELM US,ELM MARKET NAVIGATOR ETF,,Series Portfolios Trust,
EMPB US,EFFICIENT MARKET PORTFOLIO PLUS ETF,,EA Series Trust,
ENRG US,NINEPOINT ENERGY ETF,,Tidal Trust III,
EQTY US,KOVITZ CORE EQUITY ETF,,Valued Advisers Trust/Kovitz I,
ESN US,ESSENTIAL 40 STOCK ETF,,Northern Lights Fund Trust II/,
ETFF US,ETF 50,,Amplify Commodity Trust,
ETFT US,FUNDSMITH EQUITY ETF,,ALPS Series Trust/Fundsmith In,
EVNT US,ALTSHARES EVENT-DRIVEN ETF,,AltShares Trust,
EXEQ US,WEDBUSH RETURNONLEADERSHIP US LARGE-CAP ETF,,Wedbush Series Trust,
EZMO US,ALPHADROID BROAD MARKETS MOMENTUM ETF,,Listed Funds Trust/Teucrium In,
EZRO US,ALPHADROID DEFENSIVE SECTOR ROTATION ETF,,Listed Funds Trust/Teucrium In,
FARX US,FRONTIER ASSET ABSOLUTE RETURN ETF,,Frontier ETFs/USA,
FCBD US,FRONTIER ASSET CORE BOND ETF,,Frontier ETFs/USA,
FCTE US,SMI 3FOURTEEN FULL-CYCLE TREND ETF,,ETF Opportunities Trust/3Fourt,
FCUS US,PINNACLE FOCUSED OPPORTUNITIES ETF,,Tidal Trust II,
FDAT US,TACTICAL ADVANTAGE ETF,,Tidal Trust II,
FDIV US,MARKETDESK FOCUSED US DIVIDEND ETF,,EA Series Trust,
FDRS US,FOUNDER-LED ETF,,Corgi ETF Trust I,
FEGE US,FIRST EAGLE GLOBAL EQUITY ETF,,RBB Fund Trust/The,
FEMD US,FIRST EAGLE MID CAP EQUITY ETF,,First Eagle Etf Trust,
FEOE US,FIRST EAGLE OVERSEAS EQUITY ETF,,RBB Fund Trust/The,
FFF US,FOUNDERS 100 ETF,,Founder Funds Trust,
FFIU US,UVA UNCONSTRAINED MEDIUM-TERM FIXED INCOME ETF,,Spinnaker ETF Trust,
FFLS US,FUTURE FUND LONG/SHORT ETF/THE,,Northern Lights Fund Trust II/,
FFND US,ONE GLOBAL ETF,,Northern Lights Fund Trust II/,
FFOX US,FUNDX FUTURE FUND OPPORTUNITIES ETF,,FundX Investment Trust,
FFTY US,CAPFORCE IBD 50 ETF,,Capital-Force ETF Trust,
FGSM US,FRONTIER ASSET GLOBAL SMALL CAP EQUITY ETF,,Advisors' Inner Circle Fund II,
FIAX US,NICHOLAS FIXED INCOME ALTERNATIVE ETF,,Tidal Trust II,
FINT US,FRONTIER ASSET TOTAL INTERNATIONAL EQUITY ETF,,Frontier ETFs/USA,
FIXP US,FOLIOBEYOND ENHANCED FIXED INCOME PREMIUM ETF,,Tidal Trust I,
FLCE US,FRONTIER ASSET US LARGE CAP EQUITY ETF,,Frontier ETFs/USA,
FLDZ US,ELEVATION SERIES TRUST-RIVERNORTH PATRIOT ETF,,Elevation Series Trust,
FMCE US,FM COMPOUNDERS EQUITY ETF,,Northern Lights Fund Trust IV/,
FMCX US,FM FOCUS EQUITY ETF,,Northern Lights Fund Trust IV/,
FMTM US,MARKETDESK FOCUSED US MOMENTUM ETF,,EA Series Trust,
FOPC US,FRONTIER ASSET OPPORTUNISTIC CREDIT ETF,,Frontier ETFs/USA,
FORH US,FORMIDABLE ETF,,ETF Opportunities Trust/Formid,
FPAG US,FPA GLOBAL EQUITY ETF,,Northern Lights Fund Trust III,
FPAS US,FPA SHORT DURATION GOVERNMENT ETF,,Investment Managers Series Tru,
FRDM US,FREEDOM 100 EMERGING MARKETS ETF,,EA Series Trust,
FRTY US,ALGER MID CAP 40 ETF,,Alger ETF Trust/The,
FTHB US,FIS FAITH INCOME ETF,,FIS Trust,
FXED US,SOUND ENHANCED FIXED INCOME ETF,,Tidal Trust I,
GABF US,GABELLI FINANCIAL SERVICES OPPORTUNITIES ETF,,Gabelli ETFs Trust,
GAGE US,AZORIA GOLDEN AGE ETF,,Tidal Trust III,
GAID US,GUINNESS ATKINSON INTERNATIONAL DIVIDEND BUILDER ETF,,Guinness Atkinson Funds,
GARA US,GUINNESS ATKINSON REAL ASSETS INCOME ETF,,Guinness Atkinson Funds,
GARY US,MANGO GROWTH ETF,,Mango Growth ETF/Fund Parent,
GAUD US,GUINNESS ATKINSON US DIVIDEND BUILDER ETF,,Guinness Atkinson Funds,
GBHI US,GABELLI HIGH INCOME ETF,,Gabelli ETFs Trust,
GDMA US,GADSDEN DYNAMIC MULTI-ASSET ETF,,EA Series Trust,
GEME US,PACIFIC NOS GLOBAL EM EQUITY ACTIVE ETF,,Pacific Asset Management/Paren,
GEND US,GENTER CAPITAL DIVIDEND INCOME ETF,,Spinnaker ETF Trust,
GENM US,GENTER CAPITAL MUNICIPAL QUALITY INTERMEDIATE ETF,,Spinnaker ETF Trust,
GENT US,GENTER CAPITAL TAXABLE QUALITY INTERMEDIATE ETF,,Spinnaker ETF Trust,
GENW US,GENTER CAPITAL INTERNATIONAL DIVIDEND ETF,,Spinnaker ETF Trust,
GFGF US,GURU FAVORITE STOCKS ETF,,EA Series Trust,
GGM US,GGM MACRO ALIGNMENT ETF,,Northern Lights Fund Trust II/,
GHTA US,GOOSE HOLLOW TACTICAL ALLOCATION ETF,,Collaborative Investment Serie,
GIAX US,NICHOLAS GLOBAL EQUITY AND INCOME ETF,,Tidal Trust II,
GINX US,SGI ENHANCED GLOBAL INCOME ETF,,RBB Fund Inc/Summit Global Inv,
GKAT US,SCHARF GLOBAL OPPORTUNITY ETF,,Advisors Series Trust/Scharf I,
GLCR US,GLACIERSHARES NASDAQ ICELAND ETF,,Listed Funds Trust/Teucrium In,
GLDB US,IDX ALTERNATIVE FIAT ETF,Crypto,ETF Opportunities Trust/IDX Ad,
GMMA US,GAMMAROAD MARKET NAVIGATION ETF,,Tidal Trust III,
GOAU US,US GLOBAL GO GOLD & PRECIOUS METAL MINERS ETF,,ETF Series Solutions,
GOLS US,GABELLI OPPORTUNITIES IN LIVE AND SPORTS ETF,,Gabelli ETFs Trust,
GOLY US,STRATEGY SHARES GOLD ENHANCED YIELD ETF,,Strategy Shares Inc/Fund Paren,
GOP US,UNUSUAL WHALES SUBVERSIVE REPUBLICAN TRADING ETF,,Series Portfolio Trust/Subvers,
GPT US,INTELLIGENT ALPHA ATLAS ETF,,EA Series Trust/Empowered Fund,
GPTZ US,AGI READINESS ETF,,Corgi ETF Trust II,
GQGU US,GQG US EQUITY ETF,,Advisors Inner Circle Fund III,
GQI US,NATIXIS GATEWAY QUALITY INCOME ETF,,Natixis ETFs/USA,
GQQQ US,ASTORIA US QUALITY GROWTH KINGS ETF,,EA Series Trust/Empowered Fund,
GRBD US,GLOBAL BETA CHINA GREEN BOND ETF,,Global Beta ETF Trust,
GRNI US,FUNDSTRAT GRANNY SHOTS US LARGE CAP & INCOME ETF,,Tidal Trust III,
GRNJ US,FUNDSTRAT GRANNY SHOTS US SMALL- & MID-CAP ETF,,Tidal Trust III,
GRNY US,FUNDSTRAT GRANNY SHOTS US LARGE CAP ETF,,Tidal Trust III,
GROZ US,ZACKS FOCUS GROWTH ETF,,Zacks Trust,
GSCE US,GS CONNECT S&P GSCI ENHANCED COMMODITY TOTAL RETURN STRATEGY INDEX ETN,,Goldman Sachs ETNs/USA,
GSKH US,GSK PLC ADRHEDGED,,Precidian ETFs Trust,
GSPY US,GOTHAM ENHANCED 500 ETF,,Tidal Trust I,
GVLU US,GOTHAM 1000 VALUE ETF,,Tidal Trust I,
GYLD US,ARROW DOW JONES GLOBAL YIELD ETF,,Arrow ETF Trust,
HAGE US,CG HYDROGEN AGE ETF,,EA Series Trust,
HAUS US,RESIDENTIAL REIT ETF,,Tidal Trust I,
HBDC US,HILTON BDC CORPORATE BOND ETF,,Tidal Trust II,
HECA US,HEDGEYE CAPITAL ALLOCATION ETF,,ETF Opportunities Trust/Hedgey,
HEFT US,HEDGEYE FOURTH TURNING ETF,,ETF Opportunities Trust/Hedgey,
HEGD US,SWAN HEDGED EQUITY US LARGE CAP ETF,,Listed Funds Trust,
HELS US,HEDGEYE 130/30 EQUITY ETF,,ETF Opportunities Trust/Hedgey,
HF US,DGA CORE PLUS ABSOLUTE RETURN ETF,,Tidal Trust II,
HFEQ US,UNLIMITED HFEQ EQUITY LONG SHORT ETF,,Tidal Trust I,
HFGM US,UNLIMITED HFGM GLOBAL MACRO ETF,,Tidal Trust I,
HFMF US,UNLIMITED HFMF MANAGED FUTURES ETF,,Tidal Trust I,
HFND US,UNLIMITED HFND MULTI-STRATEGY RETURN TRACKER ETF,,Tidal Trust I,
HFSP US,TRADERSAI LARGE CAP EQUITY & CASH ETF,,Tidal Trust III,
HGRO US,HEDGEYE QUALITY GROWTH ETF,,ETF Opportunities Trust/Hedgey,
HLAL US,WAHED FTSE USA SHARIAH ETF,,Listed Funds Trust,
HNDL US,STRATEGY SHARES NASDAQ 7 HANDL ETF,,Strategy Shares Inc/Fund Paren,
HSBH US,HSBC HOLDINGS PLC ADRHEDGED,,Precidian ETFs Trust,
HTUS US,HULL TACTICAL US ETF,,Capitol Series Trust/HTAA LLC,
HWSM US,HOTCHKIS & WILEY SMID CAP DIVERSIFIED VALUE FUND,,Hotchkis and Wiley Funds/DE,
HYGA US,TWIN OAK ENHANCED CREDIT ETF,,Twin Oak ETF Co/USA,
HYP US,GOLDEN EAGLE DYNAMIC HYPERGROWTH ETF,,ETF Opportunities Trust/Golden,
HYTR US,COUNTERPOINT HIGH YIELD TREND ETF,,Northern Lights Fund Trust III,
ICAP US,INFRASTRUCTURE CAPITAL EQUITY INCOME ETF,,Series Portfolio Trust/Infrast,
ICEE US,DATA CENTER POWER & COOLING ETF,,Corgi ETF Trust II,
ICPY US,TWEEDY BROWNE INTERNATIONAL INSIDER + VALUE ETF,,RBB Fund Trust/The,
IDVZ US,POLEN INTERNATIONAL DIVIDEND INCOME ETF,,Elevation Series Trust,
IG US,PRINCIPAL INVESTMENT GRADE CORPORATE ETF,,Principal Exchange-Traded Fund,
ILS US,BROOKMONT CATASTROPHIC BOND ETF,,ETF Opportunities Trust/Brookm,
INTL US,MAIN INTERNATIONAL ETF,,Northern Lights Fund Trust IV/,
IRET US,IREIT - MARKETVECTOR QUALITY REIT INDEX ETF,,Tidal Trust II,
ITAN US,SPARKLINE INTANGIBLE VALUE ETF,,EA Series Trust,
ITOL US,TEMA INTERNATIONAL DURABLE QUALITY ETF,,Tema ETF Trust,
IVEP US,DAN IVES WEDBUSH AI POWER & INFRASTRUCTURE ETF,,Wedbush Series Trust,
IVES US,DAN IVES WEDBUSH AI REVOLUTION ETF,Thematic,Wedbush Series Trust,
IVOL US,QUADRATIC INTEREST RATE VOLATILITY AND INFLATION HEDGE ETF,,KraneShares Trust,
IVSI US,APPLIED FINANCE IVS INTERNATIONAL LARGE ETF,,ETF Opportunities Trust/Applie,
IVSS US,APPLIED FINANCE IVS US SMID ETF,,ETF Opportunities Trust/Applie,
IVSX US,APPLIED FINANCE IVS INTERNATIONAL SMID ETF,,ETF Opportunities Trust/Applie,
JGRW US,JENSEN QUALITY GROWTH ETF,,Trust For Professional Manager,
JOJO US,ATAC CREDIT ROTATION ETF,,Tidal Trust I,
JSTC US,ADASINA SOCIAL JUSTICE ALL CAP GLOBAL ETF,,TOROSO Newfound Funds/USA,
KAMO US,KENSINGTON CREDIT OPPORTUNITIES ETF,,Kensington Asset Management ET,
KAT US,SCHARF ETF,,Advisors Series Trust/Scharf I,
KCOP US,KURV COPPER & MINING ENHANCED INCOME ETF,,Kurv ETF Trust,
KDRN US,KINGSBARN TACTICAL BOND ETF,,ETF Opportunities Trust/Kingsb,
KDVD US,KEELEY DIVIDEND ETF,,Gabelli ETFs Trust,
KEAT US,KEATING ACTIVE ETF,,EA Series Trust,
KHPI US,KENSINGTON HEDGED PREMIUM INCOME ETF,,Managed Portfolio Series/Kensi,
KNO US,AXS KNOWLEDGE LEADERS ETF,,Investment Managers Series Tru,
KNOW US,FUNDAMENTALS FIRST ETF,,Mason Capital Fund Trust,
KONG US,FORMIDABLE FORTRESS ETF,,ETF Opportunities Trust/Formid,
KOOL US,NORTH SHORE EQUITY ROTATION ETF,,Spinnaker ETF Trust,
LBAY US,LEATHERBACK LONG/SHORT ALTERNATIVE YIELD ETF,,Tidal Trust I,
LBO US,WHITEWOLF PUBLICLY LISTED PRIVATE EQUITY ETF,,EA Series Trust/Empowered Fund,
LCAP US,PRINCIPAL CAPITAL APPRECIATION SELECT ETF,,Principal Exchange-Traded Fund,
LCLG US,LOGAN CAPITAL BROAD INNOVATIVE GROWTH ETF,,Advisors Series Trust/Logan Ca,
LCO US,LOGIQ CONTRARIAN OPPORTUNITIES ETF,,Tidal Trust IV,
LCR US,LEUTHOLD CORE ETF,,Managed Portfolio Series/Leuth,
LDDR US,LIFEX 2035 INCOME BUCKET ETF,,Stone Ridge Trust,
LDRX US,SGI ENHANCED MARKET LEADERS ETF,,RBB Fund Inc/Summit Global Inv,
LEAD US,SIREN DIVCON LEADERS DIVIDEND,,Siren ETF Trust,
LENS US,SARMAYA THEMATIC ETF,,EA Series Trust,
LEXI US,ALEXIS PRACTICAL TACTICAL ETF,,Listed Funds Trust,
LFAI US,LIFEX 2050 LONGEVITY INCOME ETF,,Stone Ridge Trust,
LFAO US,LIFEX 2055 LONGEVITY INCOME ETF,,Stone Ridge Trust,
LFAW US,LIFEX 2060 LONGEVITY INCOME ETF,,Stone Ridge Trust,
LFBE US,LIFEX 2065 LONGEVITY INCOME ETF,,Stone Ridge Trust,
LFDR US,LIFEX DURABLE INCOME ETF,,Stone Ridge Trust,
LGDX US,INTECH S&P LARGE CAP DIVERSIFIED ALPHA ETF,,Tidal Trust III,
LGH US,HCM DEFENDER 500 INDEX ETF,,Northern Lights Fund Trust III,
LGHT US,LANGAR GLOBAL HEALTHTECH ETF,,Spinnaker ETF Trust,
LGRO US,LEVEL FOUR LARGE CAP GROWTH ACTIVE ETF,,ALPS ETF Trust,
LIAE US,LIFEX 2050 INFLATION-PROTECTED LONGEVITY INCOME ETF,,Stone Ridge Trust,
LIAM US,LIFEX 2055 INFLATION-PROTECTED LONGEVITY INCOME ETF,,Stone Ridge Trust,
LIAU US,LIFEX 2060 INFLATION-PROTECTED LONGEVITY INCOME ETF,,Stone Ridge Trust,
LIBD US,LIFEX 2065 INFLATION-PROTECTED LONGEVITY INCOME ETF,,Stone Ridge Trust,
LIFT US,LIFEX 2028 INCOME BUCKET ETF,,Stone Ridge Trust,
LODI US,AAM SLC LOW DURATION INCOME ETF,,ETF Series Solutions,
LOGO US,ALPHA BRANDS CONSUMPTION LEADERS ETF,,Tidal Trust III,
LOTI US,LIBERTY ONE TACTICAL INCOME ETF,,Two Roads Shared Trust/Liberty,
LPRE US,LONG POND REAL ESTATE SELECT ETF,,Exchange Listed Funds Trust,
LQAI US,LG QRAFT AI-POWERED US LARGE CAP CORE ETF,,Exchange Listed Funds Trust,
LQID US,KURV ENHANCED SHORT MATURITY ETF,,Kurv ETF Trust,
LRGE US,CLEARBRIDGE LARGE CAP GROWTH SELECT ETF,,Legg Mason ETF Investment Trus,
LSAF US,LEADERSHARES ALPHAFACTOR US CORE EQUITY ETF,,Two Roads Shared Trust/Redwood,
LSAT US,LEADERSHARES ALPHAFACTOR TACTICAL FOCUSED ETF,,Two Roads Shared Trust/Redwood,
LSGR US,NATIXIS LOOMIS SAYLES FOCUSED GROWTH ETF,,Natixis ETFs/USA,
LST US,LEUTHOLD SELECT INDUSTRIES ETF,,Managed Portfolio Series/Leuth,
LSVD US,LSV DISCIPLINED VALUE ETF,,Advisors' Inner Circle Fund/LS,
LVIG US,LONGVIEW ADVANTAGE FIXED INCOME ETF,,Hill Investment Group Partners,
MAGA US,POINT BRIDGE AMERICA FIRST ETF,,ETF Series Solutions,
MAGG US,MADISON AGGREGATE BOND ETF,,Madison Funds,
MAMB US,MONARCH AMBASSADOR INCOME INDEX ETF,,Northern Lights Fund Trust IV/,
MANI US,MAN ACTIVE INCOME ETF,,MAN ETF Series Trust,
MATE US,MAN ACTIVE TREND ENHANCED ETF,,MAN ETF Series Trust,
MAVF US,MATRIX ADVISORS VALUE ETF,,Matrix/Unit Investment Trust/U,
MBCC US,MONARCH BLUE CHIPS CORE INDEX ETF,,Northern Lights Fund Trust IV/,
MBOX US,FREEDOM DAY DIVIDEND ETF,,EA Series Trust,
MBS US,ANGEL OAK MORTGAGE-BACKED SECURITIES ETF,,Angel Oak Funds Trust,
MBSF US,REGAN FLOATING RATE MBS ETF,,Value Advisers Trust/Regan,
MBSX US,REGAN FIXED RATE MBS ETF,,Advisor Managed Portfolios/Fun,
MCVT US,MILLER CONVERTIBLE TOTAL RETURN ETF,,Miller Investment Trust,
MDAA US,MYRIAD DYNAMIC ASSET ALLOCATION ETF,,Series Portfolio Trust/Myriad,
MDLV US,MORGAN DEMPSEY LARGE CAP VALUE ETF,,EA Series Trust,
MDPL US,MONARCH DIVIDEND PLUS INDEX ETF,,Northern Lights Fund Trust IV/,
MDST US,WESTWOOD SALIENT ENHANCED MIDSTREAM INCOME ETF,,Ultimus Managers Trust/Westwoo,
MEMA US,MAN ACTIVE EMERGING MARKETS ALTERNATIVE ETF,,MAN ETF Series Trust,
MFUL US,MINDFUL CONSERVATIVE ETF,,Tuttle Tactical ETFs/USA,
MGMT US,BALLAST SMALL/MID CAP ETF,,Unified Series Trust/Ballast A,
MHIG US,MILLIMAN HEALTHCARE INFLATION GUARD ETF,,Milliman Funds Trust,
MHIP US,MILLIMAN HEALTHCARE INFLATION PLUS ETF,,Milliman Funds Trust,
MHY US,MAN ACTIVE HIGH YIELD ETF,,MAN ETF Series Trust,
MIGO US,MIG CORE ETF,,Exchange-Traded Concepts Trust,
MINN US,MAIRS & POWER MINNESOTA MUNICIPAL BOND ETF,,Trust for Professional Manager,
MJSC US,MUFG JAPAN SMALL CAP ACTIVE ETF,,RBB Fund Trust/The,
MKAM US,MKAM ETF,,EA Series Trust,
MMKT US,TEXAS CAPITAL GOVERNMENT MONEY MARKET ETF,,Texas Capital Funds Trust,
MNZL US,MANZIL RUSSELL HALAL USA BROAD MARKET ETF,,EA Series Trust,
MOOD US,RELATIVE SENTIMENT TACTICAL ALLOCATION ETF,,EA Series Trust,
MPLY US,MONOPOLY ETF,,Strategy Shares Inc/Fund Paren,
MPRO US,MONARCH PROCAP INDEX ETF,,Northern Lights Fund Trust IV/,
MRSK US,TOEWS AGILITY SHARES MANAGED RISK ETF,,Northern Lights Fund Trust/Toe,
MSMR US,MCELHENNY SHEFFIELD MANAGED RISK ETF,,ETF Series Solutions,
MSSS US,MONARCH SELECT SUBSECTOR INDEX ETF,,Northern Lights Fund Trust IV/,
MSTB US,LHA MARKET STATE TACTICAL BETA ETF,,Little Harbor Funds/USA,
MSTI US,MADISON SHORT-TERM STRATEGIC INCOME ETF,,Madison Funds,
MSTQ US,ETF SERIES SOLUTIONS-LHA MARKET STATE TACTICAL Q ETF,,ETF Series Solutions,
MUNX US,AMG GW&K MUNI INCOME ETF,,Amg ETF Trust,
MUSQ US,MUSQ GLOBAL MUSIC INDUSTRY INDEX ETF,,Exchange-Traded Concepts ETFs/,
MVFD US,MONARCH VOLUME FACTOR DIVIDEND TREE INDEX ETF,,Northern Lights Fund Trust IV/,
MVFG US,MONARCH VOLUME FACTOR GLOBAL UNCONSTRAINED INDEX ETF,,Northern Lights Fund Trust IV/,
MVPA US,MILLER VALUE PARTNERS APPRECIATION ETF,,Advisor Managed Portfolios/Mil,
NACP US,IMPACT SHARES NAACP MINORITY EMPOWERMENT ETF,,Tidal Trust III,
NANC US,UNUSUAL WHALES SUBVERSIVE DEMOCRATIC TRADING ETF,,Series Portfolio Trust/Subvers,
NDAA US,NED DAVIS RESEARCH 360 DYNAMIC ALLOCATION ETF,,Tidal Trust III,
NDEQ US,NED DAVIS RESEARCH 360 CORE EQUITY ETF,,Tidal Trust III,
NDOW US,ANYDRUS ADVANTAGE ETF,,Collaborative Investment Serie,
NELS US,NELSON SELECT ETF,,Collaborative Investment Serie,
NETL US,COLTERPOINT NET LEASE REAL ESTATE ETF,,ETF Series Solutions,
NEWZ US,STOCKSNIPS AI-POWERED SENTIMENT US ALL CAP ETF,,EA Series Trust,
NFRX US,HARRISON STREET INFRASTRUCTURE ACTIVE ETF,,2023 ETF Series Trust/The,
NITE US,THE NIGHTVIEW FUND,,Capital Series Trust/Nightview,
NIXT US,RESEARCH AFFILIATES DELETIONS ETF,,EA Series Trust,
NMBL US,NOVATIDE FLEXIBLE ALLOCATION ETF,,Tidal Trust III,
NPFE US,NPF CORE EQUITY ETF,,NPF Core Equity ETF/Fund Paren,
NRSH US,AZTLAN NORTH AMERICA NEARSHORING STOCK SELECTION ETF,,Tidal Trust II,
NSI US,NATIONAL SECURITY EMERGING MARKETS INDEX ETF,,Northern Lights Fund Trust IV/,
NUKX US,NICHOLAS NUCLEAR INCOME ETF,,Tidal Trust II,
NVOH US,NOVO NORDISK A/S B SHARES ADRHEDGED,,Precidian ETFs Trust,
NWKD US,NUCLEAR ENERGY & INFRASTRUCTURE ETF,,Corgi ETF Trust II,
OACP US,ONEASCENT CORE PLUS BOND ETF,,Unified Series Trust/Oneascent,
OAEM US,ONEASCENT EMERGING MARKETS ETF,,Unified Series Trust/Oneascent,
OAIM US,ONEASCENT INTERNATIONAL EQUITY ETF,,Unified Series Trust/Oneascent,
OAKG US,OAKMARK GLOBAL LARGE CAP ETF,,Harris Oakmark ETF Trust,
OAKI US,OAKMARK INTERNATIONAL LARGE CAP ETF,,Harris Oakmark ETF Trust,
OAKM US,OAKMARK US LARGE CAP ETF,,Harris Oakmark ETF Trust,
OALC US,ONEASCENT LARGE CAP CORE ETF,,Unified Series Trust/Oneascent,
OASC US,ONEASCENT ENHANCED SMALL AND MID CAP ETF,,Unified Series Trust/Oneascent,
OBIL US,F/M US TREASURY 12 MONTH BILL ETF,,RBB ETFs/F/m Investments,
OCIO US,CLEARSHARES OCIO ETF,,ETF Series Solutions,
ODHY US,OBRA DEFENSIVE HIGH YIELD ETF,,Spinnaker ETF Trust/Obra Fund,
OEI US,OPTIMIZE EQUITY INCOME ETF,CC,Listed Funds Trust/Core Altern,
OGSP US,OBRA HIGH GRADE STRUCTURED PRODUCTS ETF,,Spinnaker ETF Trust/Obra Fund,
OILT US,TEXAS CAPITAL TEXAS OIL INDEX ETF,,Texas Capital Funds Trust,
OLOXF US,DB CRUDE OIL LONG EXCHANGE TRADED NOTES,,DB ETNs/USA,
ONEH US,TRUESHARES EQUITY HEDGE ETF,,Elevation Series Trust,
OOSP US,OBRA OPPORTUNISTIC STRUCTURED PRODUCTS ETF,,Spinnaker ETF Trust/Obra Fund,
OPER US,CLEARSHARES ULTRA-SHORT MATURITY ETF,,ETF Series Solutions,
OPTZ US,OPTIMIZE STRATEGY INDEX ETF,,Series Portfolio Trust/Optimiz,
OSCV US,OPUS SMALL CAP VALUE ETF,,ETF Series Solutions/Aptus Cap,
OTGL US,OTG LATIN AMERICA ETF,,ETF Opportunities Trust/OTG As,
OWNS US,CCM AFFORDABLE HOUSING MBS ETF,,Quaker Investment Trust/Commun,
PBEU US,PORTFOLIO BUILDING BLOCK EUROPEAN BANKS INDEX ETF,,Tidal Trust IV,
PBOG US,PORTFOLIO BUILDING BLOCK INTEGRATED OIL GAS EXPLORATION & PRODUCTION INDEX ETF,,Tidal Trust IV,
PBPH US,PORTFOLIO BUILDING BLOCK WORLD PHARMA AND BIOTECH INDEX ETF,,Tidal Trust IV,
PCCE US,POLEN CAPITAL CHINA GROWTH ETF,,Litman Gregory Funds Trust,
PCFI US,POLEN FLOATING RATE INCOME ETF,,FundVantage Trust/Polen Capita,
PCGG US,POLEN CAPITAL GLOBAL GROWTH ETF,,Litman Gregory Funds Trust,
PCHI US,POLEN HIGH INCOME ETF,,FundVantage Trust/Polen Capita,
PCIG US,POLEN CAPITAL INTERNATIONAL GROWTH ETF,,Litman Gregory Funds Trust,
PCLG US,POLEN FOCUS GROWTH ETF,,FundVantage Trust/Polen Capita,
PEPS US,PARAMETRIC EQUITY PLUS ETF,,Morgan Stanley Etf Trust,
PFDE US,PATHFINDER DISCIPLINED US EQUITY ETF,,RBB Fund Trust/The,
PFFR US,INFRACAP REIT PREFERRED ETF,,ETFis Series Trust I/Virtus ET,
PFLD US,AAM LOW DURATION PREFERRED AND INCOME SECURITIES ETF,,ETF Series Solutions,
PFOE US,PATHFINDER FOCUSED OPPORTUNITIES ETF,,RBB Fund Trust/The,
PHBI US,PHARMAGREEN BIOTECH INC,,,
PHEQ US,PARAMETRIC HEDGED EQUITY ETF,,Morgan Stanley Etf Trust,
PIEQ US,PRINCIPAL INTERNATIONAL EQUITY ETF,,Principal Exchange-Traded Fund,
PIFI US,CLEARSHARES PITON INTERMEDIATE FIXED INCOME ETF,,ETF Series Solutions,
PINS US,PINTEREST INC,,,
PLGI US,PL GROWTH AND INCOME ETF,CC,Collaborative Investment Serie,
PPTY US,US DIVERSIFIED REAL ESTATE ETF,,ETF Series Solutions,
PQDI US,PRINCIPAL SPECTRUM PREFERRED AND INCOME ETF,,Principal Exchange-Traded Fund,
PRAE US,PLANROCK ALTERNATIVE GROWTH ETF,,Northern Lights Fund Trust III,
PRAY US,FIS TRUST - FIS CHRISTIAN STOCK FUND,,FIS Trust,
PRCS US,PARNASSUS CORE SELECT ETF,,Parnassus Income Funds,
PREF US,PRINCIPAL SPECTRUM PREFERRED SECURITIES ACTIVE ETF,,Principal Exchange-Traded Fund,
PRMR US,PEAKSHARES RMR PRIME 50 ETF,,Northern Lights Fund Trust II/,
PRNT US,THE 3D PRINTING ETF,,ARK ETF Trust,
PRTO US,RCN PARETO STRATEGIC ALLOCATION ETF,,Tidal Trust III,
PRVS US,PARNASSUS VALUE SELECT ETF,,Parnassus Income Funds,
PRXG US,PRAXIS IMPACT LARGE CAP GROWTH ETF,,Praxis Mutual Funds,
PRXV US,PRAXIS IMPACT LARGE CAP VALUE ETF,,Praxis Mutual Funds,
PSC US,PRINCIPAL US SMALL-CAP ETF,,Principal Exchange-Traded Fund,
PSET US,PRINCIPAL QUALITY ETF,,Principal Exchange-Traded Fund,
PSQA US,PALMER SQUARE CLO SENIOR DEBT ETF,,Palmer Square Funds Trust,
PSQO US,PALMER SQUARE CREDIT OPPORTUNITIES ETF,,Palmer Square Funds Trust,
PSTR US,PEAKSHARES SECTOR ROTATION ETF,,Northern Lights Fund Trust II/,
PY US,PRINCIPAL VALUE ETF,,Principal Exchange-Traded Fund,
PZIV US,PZENA INTERNATIONAL VALUE ETF,,Advisors Series Trust/Pzena In,
PZLV US,PZENA US LARGE CAP VALUE ETF,,Advisors Series Trust/Pzena In,
QIDX US,INDEXPERTS QUALITY EARNINGS FOCUSED ETF,,Spinnaker ETF Trust,
QQH US,HCM DEFENDER 100 INDEX ETF,,Northern Lights Fund Trust III,
QRFT US,QRAFT AI-ENHANCED US LARGE CAP ETF,,Exchange Listed Funds Trust,
QTPI US,NORTH SQUARE RCIM TAX-ADVANTAGED PREFERRED AND INCOME SECURITIES ETF,,Exchange Place Advisors Trust,
QUIZ US,ZACKS QUALITY INTERNATIONAL ETF,,Zacks Trust,
QVOY US,Q3 ALL-SEASON ACTIVE ROTATION ETF,,Ultimus Managers Trust/Q3 Asse,
QXQ US,SGI ENHANCED NASDAQ-100 ETF,,RBB Fund Inc/Summit Global Inv,
RAA US,SMI 3FOURTEEN REAL ASSET ALLOCATION ETF,,ETF Opportunities Trust/3Fourt,
RAAR US,RECKONER YIELD ENHANCED AAA CLO REINVESTING ETF,,Listed Funds Trust/Reckoner Ca,
RAAY US,RECKONER YIELD ENHANCED AAA CLO ANNUAL ETF,,Listed Funds Trust/Reckoner Ca,
RAUS US,RACWI US ETF,,EA Series Trust,
RBIL US,F/M ULTRASHORT TREASURY INFLATION-PROTECTED SECURITY TIPS ETF,,RBB ETFs/F/m Investments,
RCGE US,ROCKCREEK GLOBAL EQUALITY ETF,,EA Series Trust,
RCKZ US,AI DATA CENTER REIT & INFRASTRUCTURE ETF,,Corgi ETF Trust II,
RCLO US,RECKONER BBB-B CLO ETF,,Listed Funds Trust/Reckoner Ca,
RCLR US,RECKONER BBB-B CLO REINVESTING ETF,,Listed Funds Trust/Reckoner Ca,
RCLY US,RECKONER BBB-B CLO ANNUAL ETF,,Listed Funds Trust/Reckoner Ca,
REAI US,TIDAL TRUST I INTELLIGENT REAL ESTATE ETF,,Tidal Trust I,
RHRX US,RH TACTICAL ROTATION ETF,,Starboard Investment Trust,
RHTX US,RH TACTICAL OUTLOOK ETF,,Starboard Investment Trust,
RIET US,HOYA CAPITAL HIGH DIVIDEND YIELD ETF,,ETF Series Solutions,
RIGS US,RIVERFRONT STRATEGIC INCOME FUND,,ALPS ETF Trust,
RILA US,INDEXPERTS GORILLA AGGRESSIVE GROWTH ETF,,Indexperts LLC,
RISR US,FOLIOBEYOND ALTERNATIVE INCOME AND INTEREST RATE HEDGE ETF,,Tidal Trust I,
RITA US,ETFB GREEN SRI REITS ETF,,ETF Series Solutions,
RJDI US,RJ EAGLE GCM DIVIDEND SELECT INCOME ETF,,Carillon Series Trust,
RJMI US,RJ EAGLE MUNICIPAL INCOME ETF,,Carillon Series Trust,
RJVI US,RJ EAGLE VERTICAL INCOME ETF,,Carillon Series Trust,
RKSG US,RUK STRATEGIC GROWTH ETF,,Advisor Managed Portfolios/Sou,
RMIF US,LHA RISK-MANAGED INCOME ETF,,Little Harbor Funds/USA,
RMRC US,ARMOR CORE RISK-MANAGED ETF,,Exchange Listed Funds Trust,
RNEM US,EMERGING MARKETS EQUITY SELECT ETF,,First Trust Exchange-Traded Fu,
RNIN US,BUSHIDO CAPITAL US SMID CAP EQUITY ETF,,EA Series Trust,
ROE US,ASTORIA US EQUAL WEIGHT QUALITY KINGS ETF,,EA Series Trust,
ROMO US,STRATEGY SHARES NEWFOUND/RESOLVE ROBUST EQUITY MOMENTUM INDEX ETF,,Strategy Shares Inc/Fund Paren,
ROPE US,COASTAL COMPASS 100 ETF,,EA Series Trust,
RPAR US,RPAR RISK PARITY ETF,,Tidal Trust I,
RPHS US,REGENTS PARK S&P 500 HEDGED ETF,,Two Roads Shared Trust/Anfield,
RSMV US,RELATIVE STRENGTH MANAGED VOLATILITY STRATEGY ETF,,Listed Funds Trust/Teucrium In,
RTHY US,F/M LONG-TERM TREASURY INFLATION-PROTECTED SECURITY TIPS ETF,,RBB ETFs/F/m Investments,
RULE US,ADAPTIVE CORE ETF,,Tuttle Tactical ETFs/USA,
RUNN US,RUNNING OAK EFFICIENT GROWTH ETF,,Strategic Trust,
RVER US,TRENCHLESS FUND ETF,,Advisor Managed Portfolios/Fun,
RW US,RAINWATER EQUITY ETF,,EA Series Trust,
SAMM US,STRATEGAS MACRO MOMENTUM ETF,,Strategas Asset Management LLC,
SAMT US,STRATEGAS MACRO THEMATIC OPPORTUNITIES ETF,,Strategas Asset Management LLC,
SAPH US,SAP SE ADRHEDGED,,Precidian ETFs Trust,
SASS US,MD SASS CONCENTRATED VALUE ETF,,RBB Fund Trust/The,
SAWG US,AAM SAWGRASS US LARGE CAP QUALITY GROWTH ETF,,ETF Series Solutions,
SAWS US,AAM SAWGRASS US SMALL CAP QUALITY GROWTH ETF,,ETF Series Solutions,
SCDV US,BAHL & GAYNOR SMALL CAP DIVIDEND ETF,,ETF Series Solutions/Bahl & Ga,
SCEC US,STERLING CAPITAL ENHANCED CORE BOND ETF,,Northern Lights Fund Trust IV/,
SCLS US,STONEPORT ADVISORS COMMODITY LONG SHORT ETF,,Tidal Trust III,
SCMC US,STERLING CAPITAL MULTI-STRATEGY INCOME ETF,,Northern Lights Fund Trust IV/,
SCNM US,STERLING CAPITAL NATIONAL MUNICIPAL BOND ETF,,Northern Lights Fund Trust IV/,
SCSB US,STERLING CAPITAL SHORT DURATION BOND ETF,,Northern Lights Fund Trust IV/,
SCUB US,STERLING CAPITAL ULTRA SHORT BOND ETF,,Northern Lights Fund Trust IV/,
SDEE US,SOUND ENHANCED EQUITY INCOME ETF,,Tidal Trust I,
SEA US,US GLOBAL SEA TO SKY CARGO ETF,,ETF Series Solutions,
SECT US,MAIN SECTOR ROTATION ETF,,Northern Lights Fund Trust IV/,
SEMG US,SUNCOAST SELECT GROWTH ETF,,EA Series Trust,
SFGV US,SEQUOIA GLOBAL VALUE ETF,,EA Series Trust/Empowered Fund,
SFY US,SOFI SELECT 500 ETF,,Tidal Trust I,
SFYF US,TIDAL ETF TRUST - SOFI SOCIAL 50 ETF,,Tidal Trust I,
SGLC US,SGI US LARGE CAP CORE EQUITY ETF,,RBB Fund Inc/Summit Global Inv,
SGRT US,SMART EARNINGS GROWTH 30 ETF,,Tidal Trust I,
SHDG US,SOUNDWATCH HEDGED EQUITY ETF,,Soundwatch Capital LLC SMAs/US,
SHEH US,THE SHELL PLC ADRHEDGED,,Precidian ETFs Trust,
SHRD US,ARIMATHEA CATHOLIC BOND INDEX ETF,,FIS Trust,
SHRT US,GOTHAM SHORT STRATEGIES ETF,,Tidal Trust I,
SHUS US,STRATIFIED LARGECAP HEDGED ETF,,Exchange-Traded Concepts ETFs/,
SIXA US,ETC 6 MERIDIAN MEGA CAP EQUITY ETF,,Exchange-Traded Concepts ETFs/,
SIXL US,ETC 6 MERIDIAN LOW BETA EQUITY ETF,,Exchange-Traded Concepts ETFs/,
SIXS US,ETC 6 MERIDIAN SMALL CAP EQUITY ETF,,Exchange-Traded Concepts ETFs/,
SJCP US,SANJAC ALPHA CORE PLUS BOND ETF,,Manager Directed Portfolios,
SJLD US,SANJAC ALPHA LOW DURATION ETF,,Manager Directed Portfolios,
SMCO US,HILTON SMALL-MIDCAP OPPORTUNITY ETF,,Tidal Trust II,
SMDX US,INTECH S&P SMALL-MID CAP DIVERSIFIED ALPHA ETF,,Tidal Trust III,
SMIG US,BAHL & GAYNOR SMALL/MID CAP INCOME GROWTH ETF,,ETF Series Solutions/Bahl & Ga,
SMIZ US,ZACKS SMALL/MID CAP ETF,,Zacks Trust,
SMOM US,SYMMETRY PANORAMIC SECTOR MOMENTUM ETF,,Symmetry Panoramic Trust,
SMRI US,BUSHIDO CAPITAL US EQUITY ETF,,EA Series Trust,
SNAV US,MOHR SECTOR NAV ETF,,Collaborative Investment Serie,
SNTH US,MRP SYNTHEQUITY ETF,,Tidal Trust III,
SNYH US,SANOFI ADRHEDGED,,Precidian ETFs Trust,
SOVF US,SOVEREIGN'S CAPITAL FLOURISH FUND,,Elevation Series Trust/Soverei,
SPCT US,LIBERTY ONE SPECTRUM ETF,,Two Roads Shared Trust/Liberty,
SPDF US,DEFENDER RISK ADAPTIVE 500 ETF,,Sound Capital Solutions LLC,
SPDV US,AAM S&P 500 HIGH DIVIDEND VALUE ETF,,ETF Series Solutions,
SPIT US,F/M EMERALD SPECIAL SITUATIONS ETF,,RBB Fund Inc/F/m Investment LL,
SPRE US,SP FUNDS S&P GLOBAL REIT SHARIA ETF,,Tidal Trust I,
SPSK US,SP FUNDS DOW JONES GLOBAL SUKUK ETF,,Tidal Trust I,
SPTE US,SP FUNDS S&P GLOBAL TECHNOLOGY ETF,,SP Funds Trust,
SPUS US,SP FUNDS S&P 500 SHARIA INDUSTRY EXCLUSIONS ETF,,Tidal Trust I,
SPWO US,SP FUNDS S&P WORLD EX-US ETF,,SP Funds Trust,
SPYA US,TWIN OAK ENDURE ETF,,Twin Oak ETF Co/USA,
SQLV US,ROYCE QUANT SMALL-CAP QUALITY VALUE ETF,,Legg Mason ETF Investment Trus,
SQS US,SAPIENT QUALITY SELECT ETF,,EA Series Trust,
SRHQ US,SRH US QUALITY GARP ETF,,Elevation Series Trust/Paralel,
SSFI US,DAY HAGAN SMART SECTOR FIXED INCOME ETF,,Strategy Shares Inc/Fund Paren,
SSPY US,STRATIFIED LARGECAP INDEX ETF,,Exchange-Traded Concepts ETFs/,
SSUS US,DAY HAGAN SMART SECTOR ETF,,Strategy Shares Inc/Fund Paren,
SSXU US,DAY HAGAN SMART SECTOR INTERNATIONAL ETF,,Strategy Shares Inc/Fund Paren,
STBF US,PERFORMANCE TRUST SHORT TERM BOND ETF,,Trust for Professional Manager,
STHH US,STMICROELECTRONICS NV ADRHEDGED TM,,Precidian ETFs Trust,
STNC US,HENNESSY SUSTAINABLE ETF,,Hennessy Funds Trust,
STPU LN,AMUNDI US CURVE STEEPENING 2-10Y UCITS ETF,,Multi Units Luxembourg Sicav,
STRN US,SMART TREND 25 ETF,,Tidal Trust I,
SWP US,SWP GROWTH & INCOME ETF,,Manager Directed Portfolios,
SXQG US,ETC 6 MERIDIAN QUALITY GROWTH ETF,,Exchange-Traded Concepts ETFs/,
TABD US,TRANSAMERICA BOND ACTIVE ETF,,2023 ETF Series Trust/Transame,
TACK US,FAIRLEAD TACTICAL SECTOR ETF,,Capitol Series Trust/Cary Stre,
TALV US,TRANSAMERICA LARGE VALUE ACTIVE ETF,,2023 ETF Series Trust/Transame,
TAOZ US,THORNBURG AMERICAN OPPORTUNITIES FUND/ETF,,Thornburg Investment Trust,
TBFC US,THE BRINSMERE FUND - CONSERVATIVE ETF,,ETF Series Solutions,
TBFG US,THE BRINSMERE FUND - GROWTH ETF,,ETF Series Solutions,
TBG US,TBG DIVIDEND FOCUS ETF,,EA Series Trust,
TBIL US,F/M US TREASURY 3 MONTH BILL FUND/ETF,,RBB ETFs/F/m Investments,
TCPB US,THRIVENT CORE PLUS BOND ETF,,Thrivent ETF Trust,
TCV US,TOWLE VALUE ETF,,EA Series Trust,
TDSB US,EXCHANGE LISTED FUNDS TRUST ETC CABANA TARGET BETA ETF,,Exchange Listed Funds Trust,
TDSC US,EXCHANGE LISTED FUNDS TRUST ETC CABANA TARGET DRAWDOWN 10 ETF,,Exchange Listed Funds Trust,
TEMD US,TEMPLETON EMERGING MARKETS DEBT ETF,,Franklin Templeton ETF Trust,
TFFI US,CHESAPEAKE TREND-FOLLOWING FIXED INCOME ETF,,Tidal Trust II,
TFGZ US,THORNBURG FOCUS GROWTH FUND/ETF,,Thornburg Investment Trust,
TFPN US,BLUEPRINT CHESAPEAKE MULTI-ASSET TREND ETF,,Tidal Trust II,
TGLR US,WEDBUSH LAFFER TENGLER NEW ERA VALUE ETF,,Wedbush Series Trust,
THGG US,TH GARP GLOBAL RISING LEADERS ETF,,Tidal Trust III,
THII US,TH GARP INDIA RISING LEADERS ETF,,Tidal Trust III,
THIR US,THOR INDEX ROTATION ETF,,THOR Financial Technologies Tr,
THLV US,THOR EQUAL WEIGHT LOW VOLATILITY ETF,,THOR Financial Technologies Tr,
THMR US,THOR ADAPTIVERISK DYNAMIC ETF,,THOR Financial Technologies Tr,
THRV US,PROSPERA INCOME ETF,,RBB Fund Trust/The,
THTA US,SOFI ENHANCED YIELD ETF,,Tidal Trust I,
THY US,TOEWS AGILITY SHARES DYNAMIC TACTICAL INCOME ETF,,Northern Lights Fund Trust/Toe,
TIIV US,AAM TODD INTERNATIONAL INTRINSIC VALUE ETF,,ETF Series Solutions,
TINS US,TEMPLETON INTERNATIONAL INSIGHTS ETF,,Franklin Templeton ETF Trust,
TLDR US,THE LADDERED T-BILL ETF,Defined,REX ETF Trust,
TMB US,THORNBURG MULTI SECTOR BOND ETF,,Thornburg ETF Trust,
TMH US,TOYOTA MOTOR CORPORATION ADRHEDGED,,Precidian ETFs Trust,
TMVE US,THRIVENT MID CAP VALUE ETF,,Thrivent ETF Trust,
TOAK US,TWIN OAK SHORT HORIZON ABSOLUTE RETURN ETF,,Twin Oak ETF Co/USA,
TOAO US,TWIN OAK ACTIVE OPPORTUNITIES III ETF,,Twin Oak ETF Co/USA,
TOEQ US,TWIN OAK ACTIVE OPPORTUNITIES II ETF,,Twin Oak ETF Co/USA,
TOGA US,TREMBLANT GLOBAL ETF,,Tremblant Advisors LP,
TOS US,TWIN OAK STRATEGIC SOLUTIONS ETF,,Twin Oak ETF Co/USA,
TOT US,LIONSHARES US EQUITY TOTAL RETURN ETF,,Advisor Managed Portfolios/Lio,
TOV US,JLENS 500 JEWISH ADVOCACY US ETF,,EA Series Trust,
TPHD US,TIMOTHY PLAN HIGH DIVIDEND STOCK ETF,,Timothy Plan/The,
TPIF US,TIMOTHY PLAN INTERNATIONAL ETF,,Timothy Plan/The,
TPLC US,TIMOTHY PLAN US LARGE/MID CAP CORE ETF,,Timothy Plan/The,
TPLS US,THORNBURG CORE PLUS BOND ETF,,Thornburg ETF Trust,
TPSC US,TIMOTHY PLAN US SMALL CAP CORE ETF,,Timothy Plan/The,
TRBF US,ANGEL OAK TOTAL RETURN ETF,,Angel Oak Funds Trust,
TRDE US,STKD 100% COIN & 100% NVDA ETF,,Tidal Trust II,
TSCM US,TIMESSQUARE QUALITY MID CAP GROWTH ETF,,2023 ETF Series Trust/TimesSqu,
TSCV US,THRIVENT SMALL CAP VALUE ETF,,Thrivent ETF Trust,
TSES US,TRUTH SOCIAL AMERICAN ENERGY SECURITY ETF,,Truth Social Funds,
TSIC US,TRUTH SOCIAL AMERICAN ICONS ETF,,Truth Social Funds,
TSME US,THRIVENT SMALL-MID CAP EQUITY ETF,,Thrivent ETF Trust,
TSNF US,TRUTH SOCIAL AMERICAN NEXT FRONTIERS ETF,,Truth Social Funds,
TSPX US,TWIN OAK ACTIVE OPPORTUNITIES ETF,,Twin Oak ETF Co/USA,
TSRS US,TRUTH SOCIAL AMERICAN RED STATE REITS ETF,,Truth Social Funds,
TSSD US,TRUTH SOCIAL AMERICAN SECURITY & DEFENSE ETF,,Truth Social Funds,
TTEH US,TOTALENERGIES SE ADRHEDGED,,Precidian ETFs Trust,
TUG US,STF TACTICAL GROWTH ETF,,Listed Funds Trust,
TUGN US,STF TACTICAL GROWTH & INCOME ETF,,Listed Funds Trust,
TUSB US,THRIVENT ULTRA SHORT BOND ETF,,Thrivent ETF Trust,
TXS US,TEXAS CAPITAL TEXAS EQUITY INDEX ETF,,Texas Capital Funds Trust,
TXUE US,THORNBURG INTERNATIONAL EQUITY ETF,,Thornburg ETF Trust,
TXUG US,THORNBURG INTERNATIONAL GROWTH ETF,,Thornburg ETF Trust,
UFIV US,F/M US TREASURY 5 YEAR NOTE ETF,,RBB ETFs/F/m Investments,
UGA US,UNITED STATES GASOLINE FUND LP,,United States Commodities ETFs,
UMMA US,WAHED DOW JONES ISLAMIC WORLD ETF,,Listed Funds Trust,
UNG US,UNITED STATES NATURAL GAS FUND LP,,United States Commodities ETFs,
UNL US,UNITED STATES 12 MONTH NATURAL GAS FUND LP,,United States Commodities ETFs,
UPAR US,UPAR ULTRA RISK PARITY ETF,,Tidal Trust I,
US7 SW,AMUNDI US TREASURY BOND 7-10Y UCITS ETF,,Multi Units Luxembourg Sicav,
USAF US,ATLAS AMERICA FUND,,2023 ETF Series Trust/The,
USCI US,UNITED STATES COMMODITY INDEX FUND,,United States Commodities ETFs,
USDX US,SGI ENHANCED CORE ETF,,RBB Fund Inc/Summit Global Inv,
USFE US,FIRST EAGLE US EQUITY ETF,,First Eagle Etf Trust,
USFI US,BRANDYWINEGLOBAL US FIXED INCOME ETF,,Franklin Templeton ETF Trust,
USL US,UNITED STATES 12 MONTH OIL FUND LP,,United States Commodities ETFs,
USMC US,PRINCIPAL US MEGA-CAP ETF,,Principal Exchange-Traded Fund,
USMD US,COREVALUES AMERICA FIRST TECHNOLOGY ETF,,Tidal Trust II,
USO US,UNITED STATES OIL FUND LP,,United States Commodities ETFs,
USSE US,SEGALL BRYANT & HAMILL SELECT EQUITY ETF,,Segall Bryant & Hamill Trust,
USVN US,F/M US TREASURY 7 YEAR NOTE ETF,,RBB ETFs/F/m Investments,
UTEN US,F/M US TREASURY 10 YEAR NOTE ETF,,RBB ETFs/F/m Investments,
UTHY US,F/M US TREASURY 30 YEAR BOND ETF,,RBB ETFs/F/m Investments,
UTRE US,F/M US TREASURY 3 YEAR NOTE ETF,,RBB ETFs/F/m Investments,
UTWO US,F/M US TREASURY 2 YEAR NOTE ETF,,RBB ETFs/F/m Investments,
UTWY US,F/M US TREASURY 20 YEAR BOND ETF,,RBB ETFs/F/m Investments,
UYLD US,ANGEL OAK ULTRASHORT INCOME ETF,,Angel Oak Funds Trust,
VBND US,VIDENT US BOND STRATEGY ETF,,ETF Series Solutions,
VCOB US,VOYA CORE BOND ETF,,Tidal Trust IV,
VETZ US,ACADEMY VETERAN BOND ETF,,Tidal Trust I,
VGSR US,VERT GLOBAL SUSTAINABLE REAL ESTATE ETF,,Manager Directed Portfolios/Ve,
VIDI US,VIDENT INTERNATIONAL EQUITY STRATEGY ETF,,ETF Series Solutions,
VMSB US,VOYA MULTI-SECTOR INCOME ETF,,Tidal Trust IV,
VNIE US,VONTOBEL INTERNATIONAL EQUITY ACTIVE ETF,,Advisors' Inner Circle Fund II,
VNSE US,NATIXIS VAUGHAN NELSON SELECT ETF,,Natixis ETFs/USA,
VOLT US,TEMA ELECTRIFICATION ETF,,Tema ETF Trust,
VOXP US,VOX POPULI ETF,,Advisors Series Trust/Distribu,
VPX US,VARIANT PERCEPTION CYCLE AWARE US EQUITY ETF,,EA Series Trust,
VSLU US,APPLIED FINANCE VALUATION ETF,,ETF Opportunities Trust/Applie,
VUSE US,VIDENT US EQUITY STRATEGY ETF,,ETF Series Solutions,
VUSI US,VOYA ULTRA SHORT INCOME ETF,,Tidal Trust IV,
WABF US,WESTERN ASSET BOND ETF,,Franklin Templeton ETF Trust,
WAGN US,PABRAI WAGONS ETF,,Professionally Managed Portfol,
WBIF US,WBI BULLBEAR VALUE 3000 ETF,,WBI ETFs/USA,
WBIG US,WBI BULLBEAR YIELD 3000 ETF,,WBI ETFs/USA,
WBIK US,WBI BULLBEAR TREND SWITCH US 1000 ETF,,WBI ETFs/USA,
WBIL US,WBI BULLBEAR QUALITY 3000 ETF,,WBI ETFs/USA,
WBIM US,WBI BULLBEAR TREND SWITCH US 2000 ETF,,WBI ETFs/USA,
WBIQ US,WBI BULLBEAR TREND SWITCH US 1000 TOTAL RETURN ETF,,WBI ETFs/USA,
WBIS US,WBI BULLBEAR TREND SWITCH US 2000 TOTAL RETURN ETF,,WBI ETFs/USA,
WBIY US,WBI POWER FACTOR HIGH DIVIDEND ETF,,WBI ETFs/USA,
WCAP US,WARCAP UNCONSTRAINED EQUITY ETF,,Spinnaker ETF Trust,
WCPB US,WEITZ CORE PLUS BOND ETF,,Northern Lights Fund Trust II/,
WEEI US,WESTWOOD SALIENT ENHANCED ENERGY INCOME ETF,,Ultimus Managers Trust/Westwoo,
WEPN US,NICHOLAS DEFENSE AND RARE EARTH INCOME ETF,,Tidal Trust II,
WISD US,WISDOM SHORT DURATION INCOME ETF,,Spend Life Wisely Funds Invest,
WLTG US,WEALTHTRUST DBS LONG TERM GROWTH ETF,,ETF Opportunities Trust/Wealth,
WMSB US,WEITZ MULTISECTOR BOND ETF,,Northern Lights Fund Trust II/,
WRTH US,WORTH CHARTING OPTIONS INCOME ETF,,Tidal Trust III,
WSDB US,WEITZ SHORT DURATION BOND ETF,,Northern Lights Fund Trust II/,
WSGE US,WARREN STREET GLOBAL EQUITY ETF,,EA Series Trust,
WZRD US,OPPORTUNISTIC TRADER ETF,,ETF Opportunities Trust/Tuttle,
XBIL US,F/M US TREASURY 6 MONTH BILL ETF,,RBB ETFs/F/m Investments,
XCOR US,FUNDX ETF,,FundX Investment Trust,
XFLX US,FUNDX FLEXIBLE ETF,,FundX Investment Trust,
XNAV US,FUNDX AGGRESSIVE ETF,,FundX Investment Trust,
XRLX US,FUNDX CONSERVATIVE ETF,,FundX Investment Trust,
YALL US,GOD BLESS AMERICA ETF,,Tidal Trust I,
YFFI US,INDEXPERTS YIELD FOCUSED FIXED INCOME ETF,,Spinnaker ETF Trust,
YFYA US,YIELDS FOR YOU INCOME STRATEGY A ETF,,Listed Funds Trust/Teucrium In,
YLD US,PRINCIPAL ACTIVE HIGH YIELD ETF,,Principal Exchange-Traded Fund,
YLDA US,QUANTIFY ABSOLUTE INCOME ETF,,Tidal Trust II,
YLDW US,WESTWOOD ENHANCED INCOME OPPORTUNITY ETF,,Ultimus Managers Trust/Westwoo,
YOKE US,YOKE CORE ETF,,EA Series Trust,
ZECP US,ZACKS EARNINGS CONSISTENT PORTFOLIO ETF,,Zacks Trust,
ZHDG US,ZEGA BUY AND HEDGE ETF,,Tidal Trust I,
ZHOG US,F/M OPPORTUNISTIC INCOME ETF,,RBB ETFs/F/m Investments,
ZIG US,THE ACQUIRERS FUND ETF,,ETF Series Solutions,
ZMUN US,F/M ULTRASHORT TAX-FREE MUNICIPAL ETF,,RBB ETFs/F/m Investments,
ZTAX US,X-SQUARE MUNICIPAL INCOME ETF,,X-Square Series Trust,
ZTEN US,F/M 10-YEAR INVESTMENT GRADE CORPORATE BOND ETF,,RBB ETFs/F/m Investments,
ZTOP US,F/M HIGH YIELD 100 ETF,,RBB ETFs/F/m Investments,
ZTRE US,F/M 3-YEAR INVESTMENT GRADE CORPORATE BOND ETF,,RBB ETFs/F/m Investments,
ZTWO US,F/M 2-YEAR INVESTMENT GRADE CORPORATE BOND ETF,,RBB ETFs/F/m Investments,
